A,1,VAL,sidechain,A,106,ALA,sidechain,1.4218009478672986
A,10,VAL,sidechain,A,8,VAL,sidechain,16.824644549763033
A,74,VAL,sidechain,A,86,ALA,sidechain,16.23222748815166
A,109,VAL,sidechain,A,1,VAL,sidechain,4.502369668246446
A,112,VAL,sidechain,A,1,VAL,sidechain,7.109004739336493
A,115,VAL,sidechain,A,50,VAL,sidechain,64.69194312796208
A,135,VAL,sidechain,A,8,VAL,sidechain,4.265402843601896
A,135,VAL,sidechain,A,10,VAL,sidechain,4.265402843601896
A,181,VAL,sidechain,A,165,VAL,sidechain,12.677725118483412
A,4,LEU,sidechain,A,124,ALA,sidechain,3.1990521327014214
A,4,LEU,sidechain,A,1,VAL,sidechain,0.5924170616113744
A,4,LEU,sidechain,A,112,VAL,sidechain,10.66350710900474
A,22,LEU,sidechain,A,9,ALA,sidechain,1.066350710900474
A,49,LEU,sidechain,A,109,VAL,sidechain,69.3127962085308
A,49,LEU,sidechain,A,112,VAL,sidechain,69.54976303317537
A,67,LEU,sidechain,A,50,VAL,sidechain,1.4218009478672986
A,73,LEU,sidechain,A,96,ALA,sidechain,83.17535545023696
A,73,LEU,sidechain,A,49,LEU,sidechain,2.7251184834123223
A,75,LEU,sidechain,A,96,ALA,sidechain,8.412322274881516
A,75,LEU,sidechain,A,120,VAL,sidechain,32.93838862559242
A,89,LEU,sidechain,A,74,VAL,sidechain,3.3175355450236967
A,89,LEU,sidechain,A,79,LEU,sidechain,1.3033175355450237
A,93,LEU,sidechain,A,96,ALA,sidechain,0.8293838862559242
A,93,LEU,sidechain,A,124,ALA,sidechain,6.6350710900473935
A,93,LEU,sidechain,A,120,VAL,sidechain,0.5924170616113744
A,93,LEU,sidechain,A,4,LEU,sidechain,0.11848341232227488
A,97,LEU,sidechain,A,96,ALA,sidechain,0.11848341232227488
A,97,LEU,sidechain,A,1,VAL,sidechain,33.76777251184834
A,97,LEU,sidechain,A,112,VAL,sidechain,0.9478672985781991
A,97,LEU,sidechain,A,4,LEU,sidechain,3.3175355450236967
A,97,LEU,sidechain,A,93,LEU,sidechain,20.734597156398106
A,99,LEU,sidechain,A,73,LEU,sidechain,0.23696682464454977
A,105,LEU,sidechain,A,109,VAL,sidechain,12.796208530805686
A,105,LEU,sidechain,A,49,LEU,sidechain,0.11848341232227488
A,105,LEU,sidechain,A,99,LEU,sidechain,4.739336492890995
A,131,LEU,sidechain,A,124,ALA,sidechain,7.701421800947868
A,131,LEU,sidechain,A,4,LEU,sidechain,10.66350710900474
A,133,LEU,sidechain,A,135,VAL,sidechain,1.1848341232227488
A,133,LEU,sidechain,A,131,LEU,sidechain,3.909952606635071
A,153,LEU,sidechain,A,135,VAL,sidechain,0.8293838862559242
A,159,LEU,sidechain,A,181,VAL,sidechain,14.691943127962084
A,51,ILE,sidechain,A,96,ALA,sidechain,41.943127962085306
A,51,ILE,sidechain,A,49,LEU,sidechain,1.7772511848341233
A,51,ILE,sidechain,A,73,LEU,sidechain,83.64928909952607
A,51,ILE,sidechain,A,75,LEU,sidechain,0.8293838862559242
A,60,ILE,sidechain,A,67,LEU,sidechain,11.848341232227488
A,71,ILE,sidechain,A,109,VAL,sidechain,0.5924170616113744
A,71,ILE,sidechain,A,49,LEU,sidechain,24.0521327014218
A,71,ILE,sidechain,A,105,LEU,sidechain,0.5924170616113744
A,114,ILE,sidechain,A,124,ALA,sidechain,97.03791469194313
A,114,ILE,sidechain,A,120,VAL,sidechain,10.90047393364929
A,114,ILE,sidechain,A,4,LEU,sidechain,0.5924170616113744
A,114,ILE,sidechain,A,93,LEU,sidechain,1.6587677725118484
A,114,ILE,sidechain,A,51,ILE,sidechain,17.061611374407583
A,138,ILE,sidechain,A,9,ALA,sidechain,0.47393364928909953
A,151,ILE,sidechain,A,133,LEU,sidechain,0.11848341232227488
A,151,ILE,sidechain,A,153,LEU,sidechain,2.014218009478673
A,175,ILE,sidechain,A,27,LEU,sidechain,3.3175355450236967
A,175,ILE,sidechain,A,138,ILE,sidechain,0.11848341232227488
A,34,PHE,sidechain,A,7,ILE,sidechain,18.009478672985782
A,88,PHE,sidechain,A,73,LEU,sidechain,0.11848341232227488
A,88,PHE,sidechain,A,99,LEU,sidechain,2.962085308056872
A,88,PHE,sidechain,A,105,LEU,sidechain,25.118483412322274
A,88,PHE,sidechain,A,71,ILE,sidechain,0.11848341232227488
A,134,PHE,sidechain,A,181,VAL,sidechain,92.41706161137441
A,134,PHE,sidechain,A,7,ILE,sidechain,0.23696682464454977
A,148,PHE,sidechain,A,8,VAL,sidechain,58.175355450236964
A,148,PHE,sidechain,A,10,VAL,sidechain,34.00473933649289
A,148,PHE,sidechain,A,153,LEU,sidechain,0.11848341232227488
A,148,PHE,sidechain,A,16,ILE,sidechain,0.11848341232227488
A,179,PHE,sidechain,A,165,VAL,sidechain,0.35545023696682465
A,179,PHE,sidechain,A,166,LEU,sidechain,0.47393364928909953
A,23,PRO,sidechain,A,22,LEU,sidechain,0.11848341232227488
A,23,PRO,sidechain,A,142,PHE,sidechain,29.50236966824645
A,25,PRO,sidechain,A,27,LEU,sidechain,0.11848341232227488
A,25,PRO,sidechain,A,175,ILE,sidechain,13.38862559241706
A,66,PRO,sidechain,A,86,ALA,sidechain,0.9478672985781991
A,82,PRO,sidechain,A,86,ALA,sidechain,1.8957345971563981
A,82,PRO,sidechain,A,89,LEU,sidechain,75.47393364928911
A,83,PRO,sidechain,A,86,ALA,sidechain,90.16587677725119
A,83,PRO,sidechain,A,74,VAL,sidechain,67.53554502369668
A,83,PRO,sidechain,A,79,LEU,sidechain,20.379146919431278
A,83,PRO,sidechain,A,89,LEU,sidechain,0.35545023696682465
A,103,PRO,sidechain,A,106,ALA,sidechain,1.7772511848341233
A,149,PRO,sidechain,A,151,ILE,sidechain,0.11848341232227488
A,149,PRO,sidechain,A,148,PHE,sidechain,94.07582938388626
A,160,PRO,sidechain,A,158,LEU,sidechain,9.004739336492891
A,14,MET,sidechain,A,10,VAL,sidechain,38.62559241706161
A,14,MET,sidechain,A,148,PHE,sidechain,1.7772511848341233
A,37,MET,sidechain,A,165,VAL,sidechain,0.11848341232227488
A,37,MET,sidechain,A,134,PHE,sidechain,15.995260663507107
A,52,MET,sidechain,A,50,VAL,sidechain,2.3696682464454977
A,52,MET,sidechain,A,74,VAL,sidechain,6.398104265402843
A,52,MET,sidechain,A,115,VAL,sidechain,1.4218009478672986
A,125,MET,sidechain,A,124,ALA,sidechain,9.715639810426541
A,125,MET,sidechain,A,131,LEU,sidechain,0.47393364928909953
A,125,MET,sidechain,A,133,LEU,sidechain,3.7914691943127963
A,125,MET,sidechain,A,151,ILE,sidechain,23.696682464454977
A,125,MET,sidechain,A,148,PHE,sidechain,4.502369668246446
A,125,MET,sidechain,A,149,PRO,sidechain,49.40758293838863
A,139,MET,sidechain,A,169,VAL,sidechain,5.33175355450237
A,24,TRP,sidechain,A,9,ALA,sidechain,2.3696682464454977
A,24,TRP,sidechain,A,22,LEU,sidechain,72.27488151658767
A,24,TRP,sidechain,A,138,ILE,sidechain,89.45497630331754
A,24,TRP,sidechain,A,142,PHE,sidechain,3.5545023696682465
A,24,TRP,sidechain,A,23,PRO,sidechain,51.8957345971564
A,57,TRP,sidechain,A,86,ALA,sidechain,43.3649289099526
A,57,TRP,sidechain,A,74,VAL,sidechain,57.70142180094787
A,57,TRP,sidechain,A,83,PRO,sidechain,29.265402843601894
A,113,TRP,sidechain,A,111,MET,sidechain,4.1469194312796205
