A,4,LEU,sidechain,A,1,VAL,sidechain,-0.0945549513791551
A,5,ASN,sidechain,A,3,SER,sidechain,-0.46993555065345954
A,6,CYS,sidechain,A,4,LEU,sidechain,-0.007270992364981587
A,6,CYS,sidechain,A,8,VAL,sidechain,-0.08794902962018952
A,9,ALA,sidechain,A,8,VAL,sidechain,-0.8112800382165971
A,10,VAL,sidechain,A,8,VAL,sidechain,-0.6504554355967243
A,9,ALA,sidechain,A,10,VAL,sidechain,-0.35498236717217074
A,11,SER,sidechain,A,10,VAL,sidechain,0.03368233138986673
A,12,GLN,sidechain,A,10,VAL,sidechain,-0.00015318273650526435
A,12,GLN,sidechain,A,11,SER,sidechain,-0.0046157134714496645
A,13,ASN,sidechain,A,11,SER,sidechain,-0.7391798089416168
A,13,ASN,sidechain,A,12,GLN,sidechain,-0.005176075879855179
A,14,MET,sidechain,A,10,VAL,sidechain,-0.8004577243259239
A,12,GLN,sidechain,A,14,MET,sidechain,0.002728339633352666
A,16,ILE,sidechain,A,8,VAL,sidechain,-0.26122837757109113
A,16,ILE,sidechain,A,10,VAL,sidechain,-0.5600636823813737
A,19,ASN,sidechain,A,16,ILE,sidechain,0.0008384474504615459
A,19,ASN,sidechain,A,18,LYS,sidechain,-0.4975277451352521
A,21,ASP,sidechain,A,18,LYS,sidechain,-0.0015996145997615751
A,19,ASN,sidechain,A,21,ASP,sidechain,-0.02353675355936149
A,9,ALA,sidechain,A,22,LEU,sidechain,-0.1414172170668293
A,16,ILE,sidechain,A,22,LEU,sidechain,-0.033126871022108886
A,21,ASP,sidechain,A,22,LEU,sidechain,-0.02252138554785065
A,23,PRO,sidechain,A,11,SER,sidechain,-0.0001702781025126082
A,16,ILE,sidechain,A,23,PRO,sidechain,0.0003341555030425013
A,18,LYS,sidechain,A,23,PRO,sidechain,-0.13848387374061544
A,22,LEU,sidechain,A,23,PRO,sidechain,0.10057374533879354
A,11,SER,sidechain,A,24,TRP,sidechain,-0.1103069128698153
A,22,LEU,sidechain,A,24,TRP,sidechain,-0.5095499557872211
A,23,PRO,sidechain,A,24,TRP,sidechain,-0.44165632481602907
A,22,LEU,sidechain,A,26,PRO,sidechain,-0.059873668940393567
A,26,PRO,sidechain,A,25,PRO,sidechain,-0.06733122109893436
A,9,ALA,sidechain,A,27,LEU,sidechain,-0.0006113255714282605
A,27,LEU,sidechain,A,24,TRP,sidechain,-0.03651544527080069
A,27,LEU,sidechain,A,25,PRO,sidechain,-0.10642925937333414
A,28,ARG,sidechain,A,25,PRO,sidechain,-0.006311401771160805
A,28,ARG,sidechain,A,26,PRO,sidechain,-0.262375303932523
A,28,ARG,sidechain,A,29,ASN,sidechain,-0.02400159875429743
A,30,GLU,sidechain,A,7,ILE,sidechain,0.003265193588502034
A,9,ALA,sidechain,A,30,GLU,sidechain,0.019251343095503234
A,30,GLU,sidechain,A,22,LEU,sidechain,-0.00016836781177219552
A,30,GLU,sidechain,A,24,TRP,sidechain,-0.025936584800517106
A,30,GLU,sidechain,A,26,PRO,sidechain,-0.0006573325226092226
A,30,GLU,sidechain,A,27,LEU,sidechain,-0.21456156702833834
A,31,ARG,sidechain,A,22,LEU,sidechain,-0.022982077642180625
A,31,ARG,sidechain,A,24,TRP,sidechain,0.0006347086028994825
A,31,ARG,sidechain,A,26,PRO,sidechain,-0.16551039474315596
A,31,ARG,sidechain,A,28,ARG,sidechain,-0.06842194055648458
A,31,ARG,sidechain,A,30,GLU,sidechain,-0.013656140489724985
A,32,ARG,sidechain,A,28,ARG,sidechain,-0.11616831760874495
A,32,ARG,sidechain,A,29,ASN,sidechain,-0.17127221140759866
A,32,ARG,sidechain,A,31,ARG,sidechain,-0.04763858890413611
A,7,ILE,sidechain,A,33,TYR,sidechain,-0.1697611392903808
A,7,ILE,sidechain,A,34,PHE,sidechain,-0.8271741272409345
A,30,GLU,sidechain,A,34,PHE,sidechain,-0.012349206266783496
A,31,ARG,sidechain,A,34,PHE,sidechain,-0.16917796983089523
A,31,ARG,sidechain,A,35,GLU,sidechain,-0.14714447434956288
A,32,ARG,sidechain,A,35,GLU,sidechain,-0.13384864773321015
A,35,GLU,sidechain,A,34,PHE,sidechain,-0.15242457791271297
A,36,ARG,sidechain,A,29,ASN,sidechain,0.00033456639357609674
A,36,ARG,sidechain,A,32,ARG,sidechain,-0.0437555670321594
A,36,ARG,sidechain,A,33,TYR,sidechain,0.023077577476111635
A,36,ARG,sidechain,A,35,GLU,sidechain,-0.019129992882010494
A,7,ILE,sidechain,A,37,MET,sidechain,-0.006968780524446078
A,37,MET,sidechain,A,33,TYR,sidechain,-0.8575439952841907
A,36,ARG,sidechain,A,37,MET,sidechain,-0.024403238273998148
A,7,ILE,sidechain,A,38,THR,sidechain,-0.826596273519805
A,34,PHE,sidechain,A,38,THR,sidechain,-0.7829324181392453
A,35,GLU,sidechain,A,38,THR,sidechain,-0.22122831994411646
A,35,GLU,sidechain,A,39,THR,sidechain,-0.07086308253156595
A,36,ARG,sidechain,A,39,THR,sidechain,-0.0040980675434296445
A,39,THR,sidechain,A,38,THR,sidechain,0.2719896099578713
A,36,ARG,sidechain,A,40,THR,sidechain,-0.06775569557366778
A,37,MET,sidechain,A,40,THR,sidechain,0.00932505953344831
A,40,THR,sidechain,A,39,THR,sidechain,0.1520758348266634
A,41,SER,sidechain,A,40,THR,sidechain,0.000720627570604261
A,42,SER,sidechain,A,3,SER,sidechain,-0.0010688687670287363
A,42,SER,sidechain,A,40,THR,sidechain,-0.00320914632671676
A,42,SER,sidechain,A,41,SER,sidechain,-0.016342648097547874
A,41,SER,sidechain,A,43,VAL,sidechain,-0.062166501610138196
A,42,SER,sidechain,A,43,VAL,sidechain,-0.12209012409146892
A,44,GLU,sidechain,A,40,THR,sidechain,0.0004154108657823849
A,44,GLU,sidechain,A,41,SER,sidechain,-0.0015624446609008933
A,44,GLU,sidechain,A,43,VAL,sidechain,-0.00417920958992288
A,46,LYS,sidechain,A,1,VAL,sidechain,0.002849335071599879
A,46,LYS,sidechain,A,41,SER,sidechain,-0.12470754599684222
A,46,LYS,sidechain,A,42,SER,sidechain,-0.03274454838944978
A,46,LYS,sidechain,A,43,VAL,sidechain,-0.31682778762899544
A,47,GLN,sidechain,A,39,THR,sidechain,-0.0006953184603232343
A,47,GLN,sidechain,A,41,SER,sidechain,-0.006939840603176222
A,48,ASN,sidechain,A,39,THR,sidechain,0.00011558015058390902
A,48,ASN,sidechain,A,40,THR,sidechain,-0.0022700063407562355
A,48,ASN,sidechain,A,41,SER,sidechain,-0.36401633900174785
A,49,LEU,sidechain,A,1,VAL,sidechain,0.0020106018154542027
A,34,PHE,sidechain,A,50,VAL,sidechain,-0.0013304892044638005
A,38,THR,sidechain,A,50,VAL,sidechain,-0.19198811315088335
A,51,ILE,sidechain,A,4,LEU,sidechain,-0.06463024059919667
A,51,ILE,sidechain,A,49,LEU,sidechain,-0.6971821147171666
A,52,MET,sidechain,A,50,VAL,sidechain,-0.6729747682022716
A,19,ASN,sidechain,A,55,LYS,sidechain,-0.009694187667980013
A,21,ASP,sidechain,A,55,LYS,sidechain,-0.5340277951307842
A,55,LYS,sidechain,A,54,LYS,sidechain,-0.032486521515342016
A,52,MET,sidechain,A,56,THR,sidechain,-0.6126843063222571
A,52,MET,sidechain,A,57,TRP,sidechain,-1.1733839153113523
A,54,LYS,sidechain,A,58,PHE,sidechain,-0.39678436541164036
A,55,LYS,sidechain,A,58,PHE,sidechain,-0.0017568169060158787
A,58,PHE,sidechain,A,57,TRP,sidechain,-0.2907080971691051
A,21,ASP,sidechain,A,59,SER,sidechain,-0.0515113324222102
A,55,LYS,sidechain,A,59,SER,sidechain,-0.30598322061239536
A,59,SER,sidechain,A,56,THR,sidechain,-0.10961560065465234
A,31,ARG,sidechain,A,60,ILE,sidechain,0.01686647421706874
A,60,ILE,sidechain,A,34,PHE,sidechain,-0.0015513128225837273
A,60,ILE,sidechain,A,52,MET,sidechain,-0.49523993085416573
A,60,ILE,sidechain,A,56,THR,sidechain,-0.5875339966214381
A,60,ILE,sidechain,A,57,TRP,sidechain,-0.2344681413338566
A,60,ILE,sidechain,A,59,SER,sidechain,0.005790186719306837
A,31,ARG,sidechain,A,61,PRO,sidechain,-0.0021989470550799256
A,60,ILE,sidechain,A,61,PRO,sidechain,-1.075408558608408
A,62,GLU,sidechain,A,58,PHE,sidechain,-0.0007674993496935514
A,62,GLU,sidechain,A,61,PRO,sidechain,-0.019657837758855937
A,31,ARG,sidechain,A,63,LYS,sidechain,-0.00044469662469710217
A,63,LYS,sidechain,A,61,PRO,sidechain,-0.019290106803602516
A,62,GLU,sidechain,A,63,LYS,sidechain,-0.1804940354087836
A,31,ARG,sidechain,A,64,ASN,sidechain,-0.030773285380612907
A,64,ASN,sidechain,A,35,GLU,sidechain,-0.0008555010172993086
A,64,ASN,sidechain,A,60,ILE,sidechain,-0.03650903484289715
A,64,ASN,sidechain,A,61,PRO,sidechain,-0.34189724375169545
A,64,ASN,sidechain,A,63,LYS,sidechain,-0.09910243283515859
A,65,ARG,sidechain,A,57,TRP,sidechain,-0.9069046529972158
A,65,ARG,sidechain,A,58,PHE,sidechain,-0.40739193575118793
A,65,ARG,sidechain,A,62,GLU,sidechain,-0.2654270309748388
A,66,PRO,sidechain,A,57,TRP,sidechain,-0.0010211485574878223
A,31,ARG,sidechain,A,67,LEU,sidechain,0.002382358233361633
A,67,LEU,sidechain,A,34,PHE,sidechain,-0.5014727930119041
A,35,GLU,sidechain,A,67,LEU,sidechain,-0.030441614873133495
A,67,LEU,sidechain,A,38,THR,sidechain,0.0033549449452909674
A,67,LEU,sidechain,A,50,VAL,sidechain,-1.1312771157959645
A,67,LEU,sidechain,A,52,MET,sidechain,-0.6073785613804756
A,67,LEU,sidechain,A,57,TRP,sidechain,-0.015893386862289284
A,60,ILE,sidechain,A,67,LEU,sidechain,-0.6298133345299854
A,64,ASN,sidechain,A,67,LEU,sidechain,-0.04181214941525391
A,31,ARG,sidechain,A,68,LYS,sidechain,0.00030667973920632313
A,32,ARG,sidechain,A,68,LYS,sidechain,-0.001003773878571264
A,35,GLU,sidechain,A,68,LYS,sidechain,-0.0702226664214417
A,68,LYS,sidechain,A,39,THR,sidechain,9.740673676486264e-05
A,64,ASN,sidechain,A,68,LYS,sidechain,-0.012013232218481213
A,68,LYS,sidechain,A,66,PRO,sidechain,-0.008352022782471295
A,70,ARG,sidechain,A,31,ARG,sidechain,0.00010468762354722238
A,70,ARG,sidechain,A,34,PHE,sidechain,0.24576665620610308
A,70,ARG,sidechain,A,35,GLU,sidechain,-1.281569125041392
A,70,ARG,sidechain,A,38,THR,sidechain,-1.6010108916751016
A,70,ARG,sidechain,A,39,THR,sidechain,-0.13655458586604965
A,70,ARG,sidechain,A,50,VAL,sidechain,0.019418805753768056
A,70,ARG,sidechain,A,67,LEU,sidechain,-0.6822777862287617
A,70,ARG,sidechain,A,68,LYS,sidechain,0.003979814351399504
A,47,GLN,sidechain,A,71,ILE,sidechain,-0.21797448146472556
A,71,ILE,sidechain,A,49,LEU,sidechain,-1.1142179522778115
A,72,ASN,sidechain,A,50,VAL,sidechain,-0.5087850080037234
A,72,ASN,sidechain,A,52,MET,sidechain,-0.5802283305630653
A,72,ASN,sidechain,A,57,TRP,sidechain,0.1770802299759375
A,72,ASN,sidechain,A,60,ILE,sidechain,-0.006369856821805663
A,72,ASN,sidechain,A,66,PRO,sidechain,-0.8497938421373895
A,72,ASN,sidechain,A,67,LEU,sidechain,-0.6828928963580253
A,73,LEU,sidechain,A,49,LEU,sidechain,-1.145050436258316
A,51,ILE,sidechain,A,73,LEU,sidechain,-0.7562471073304559
A,52,MET,sidechain,A,74,VAL,sidechain,-0.2064685434008804
A,54,LYS,sidechain,A,74,VAL,sidechain,-0.0004915227469109811
A,57,TRP,sidechain,A,74,VAL,sidechain,-0.5278711200524033
A,51,ILE,sidechain,A,75,LEU,sidechain,-0.8822192927211152
A,75,LEU,sidechain,A,73,LEU,sidechain,-0.2329954478616045
A,54,LYS,sidechain,A,76,SER,sidechain,-0.5531353791248742
A,76,SER,sidechain,A,74,VAL,sidechain,-0.05056918320804393
A,77,ARG,sidechain,A,54,LYS,sidechain,-7.117656169909437e-05
A,77,ARG,sidechain,A,75,LEU,sidechain,-0.009705340472089735
A,78,GLU,sidechain,A,54,LYS,sidechain,-1.4609562425379823
A,78,GLU,sidechain,A,55,LYS,sidechain,0.0006360542117419401
A,78,GLU,sidechain,A,76,SER,sidechain,-0.30228825137725374
A,77,ARG,sidechain,A,78,GLU,sidechain,-0.011335212278281343
A,79,LEU,sidechain,A,54,LYS,sidechain,-1.0320800355066198
A,79,LEU,sidechain,A,58,PHE,sidechain,-0.38491759040520934
A,79,LEU,sidechain,A,74,VAL,sidechain,-0.39264649432593896
A,79,LEU,sidechain,A,76,SER,sidechain,-0.9360931416919264
A,78,GLU,sidechain,A,79,LEU,sidechain,0.0008288963964888694
A,77,ARG,sidechain,A,80,LYS,sidechain,-9.079106257990073e-05
A,81,GLU,sidechain,A,80,LYS,sidechain,-0.16954892203962138
A,82,PRO,sidechain,A,74,VAL,sidechain,0.0003782213440438582
A,81,GLU,sidechain,A,82,PRO,sidechain,0.011900548591450634
A,54,LYS,sidechain,A,83,PRO,sidechain,-0.002124079030836928
A,83,PRO,sidechain,A,57,TRP,sidechain,-0.7029650863855901
A,58,PHE,sidechain,A,83,PRO,sidechain,-0.29564444469486617
A,83,PRO,sidechain,A,74,VAL,sidechain,-0.2638921835658392
A,79,LEU,sidechain,A,83,PRO,sidechain,-0.7251622129862872
A,83,PRO,sidechain,A,82,PRO,sidechain,-0.06468273148545334
A,84,GLN,sidechain,A,57,TRP,sidechain,-0.001848678877003385
A,84,GLN,sidechain,A,58,PHE,sidechain,-0.006927602981786593
A,84,GLN,sidechain,A,62,GLU,sidechain,-0.0010212826072481147
A,65,ARG,sidechain,A,84,GLN,sidechain,-0.0006923717292140445
A,84,GLN,sidechain,A,81,GLU,sidechain,-0.01234318113497401
A,84,GLN,sidechain,A,82,PRO,sidechain,0.00040137139259356457
A,84,GLN,sidechain,A,83,PRO,sidechain,-0.012662121342766536
A,86,ALA,sidechain,A,57,TRP,sidechain,-0.10990970278538376
A,86,ALA,sidechain,A,66,PRO,sidechain,-0.0007092296885176434
A,86,ALA,sidechain,A,72,ASN,sidechain,-0.001642440985314442
A,86,ALA,sidechain,A,74,VAL,sidechain,-0.16524911251457594
A,86,ALA,sidechain,A,82,PRO,sidechain,0.012902977686431656
A,86,ALA,sidechain,A,83,PRO,sidechain,-0.04839403355318691
A,49,LEU,sidechain,A,88,PHE,sidechain,-0.006303971456761044
A,71,ILE,sidechain,A,88,PHE,sidechain,-0.6437290636745339
A,73,LEU,sidechain,A,88,PHE,sidechain,-0.012275443487398997
A,89,LEU,sidechain,A,74,VAL,sidechain,-0.6192501388331302
A,89,LEU,sidechain,A,76,SER,sidechain,-0.5913935496131956
A,89,LEU,sidechain,A,79,LEU,sidechain,-0.9526056858503493
A,89,LEU,sidechain,A,82,PRO,sidechain,-0.42607518711890935
A,89,LEU,sidechain,A,83,PRO,sidechain,-0.05138330318925293
A,86,ALA,sidechain,A,89,LEU,sidechain,-0.0005070667413738666
A,73,LEU,sidechain,A,90,SER,sidechain,-0.1347070319922332
A,75,LEU,sidechain,A,90,SER,sidechain,-0.4699357504762215
A,88,PHE,sidechain,A,90,SER,sidechain,-0.0029776828690162766
A,91,ARG,sidechain,A,76,SER,sidechain,0.0033001055790914742
A,91,ARG,sidechain,A,77,ARG,sidechain,-0.03916194611251072
A,91,ARG,sidechain,A,80,LYS,sidechain,-0.02076726635450153
A,91,ARG,sidechain,A,89,LEU,sidechain,-0.028457006595154863
A,91,ARG,sidechain,A,90,SER,sidechain,0.025642422224302287
A,75,LEU,sidechain,A,92,SER,sidechain,-0.0023497872019266064
A,77,ARG,sidechain,A,92,SER,sidechain,-0.2751511141516586
A,92,SER,sidechain,A,90,SER,sidechain,0.012130762366533845
A,91,ARG,sidechain,A,92,SER,sidechain,-0.03699659253911985
A,93,LEU,sidechain,A,4,LEU,sidechain,-0.5970993976536874
A,51,ILE,sidechain,A,93,LEU,sidechain,-1.3753948159829241
A,93,LEU,sidechain,A,75,LEU,sidechain,-0.6778983013336897
A,77,ARG,sidechain,A,94,ASP,sidechain,-0.0007793007162509937
A,91,ARG,sidechain,A,94,ASP,sidechain,-0.008186759685400113
A,94,ASP,sidechain,A,92,SER,sidechain,-0.5081831727925052
A,94,ASP,sidechain,A,93,LEU,sidechain,0.0027472314676402305
A,77,ARG,sidechain,A,95,ASP,sidechain,-0.003083324229777283
A,95,ASP,sidechain,A,90,SER,sidechain,-0.07120426396576697
A,91,ARG,sidechain,A,95,ASP,sidechain,-0.6127295179217525
A,95,ASP,sidechain,A,92,SER,sidechain,-0.28250125621683275
A,95,ASP,sidechain,A,94,ASP,sidechain,-0.27322337586930356
A,96,ALA,sidechain,A,49,LEU,sidechain,0.0013662711915811657
A,96,ALA,sidechain,A,51,ILE,sidechain,-0.2659563901219009
A,96,ALA,sidechain,A,73,LEU,sidechain,-0.9573411119183729
A,96,ALA,sidechain,A,75,LEU,sidechain,-0.41915958387980246
A,96,ALA,sidechain,A,88,PHE,sidechain,0.0005036344601644724
A,96,ALA,sidechain,A,90,SER,sidechain,-0.2541211376917577
A,96,ALA,sidechain,A,93,LEU,sidechain,-0.20391555384940233
A,96,ALA,sidechain,A,95,ASP,sidechain,0.28327680154928664
A,97,LEU,sidechain,A,1,VAL,sidechain,-0.5112536285436993
A,97,LEU,sidechain,A,4,LEU,sidechain,-1.4188032318919046
A,97,LEU,sidechain,A,49,LEU,sidechain,0.0026340794471485353
A,51,ILE,sidechain,A,97,LEU,sidechain,-0.0704705078652464
A,97,LEU,sidechain,A,93,LEU,sidechain,-1.5569935542116409
A,94,ASP,sidechain,A,97,LEU,sidechain,-0.07437105748749458
A,96,ALA,sidechain,A,97,LEU,sidechain,0.00039791828683484785
A,98,LYS,sidechain,A,1,VAL,sidechain,-0.08951413933346622
A,91,ARG,sidechain,A,98,LYS,sidechain,0.000810861993598712
A,94,ASP,sidechain,A,98,LYS,sidechain,-0.2997935345830612
A,95,ASP,sidechain,A,98,LYS,sidechain,-0.23397125028872695
A,97,LEU,sidechain,A,98,LYS,sidechain,-0.0025282573502210643
A,99,LEU,sidechain,A,49,LEU,sidechain,-0.023844574733694654
A,71,ILE,sidechain,A,99,LEU,sidechain,0.0014108527028023914
A,99,LEU,sidechain,A,73,LEU,sidechain,-0.6787346208791394
A,99,LEU,sidechain,A,88,PHE,sidechain,-0.39080740331994346
A,99,LEU,sidechain,A,90,SER,sidechain,-0.12245225775280694
A,95,ASP,sidechain,A,99,LEU,sidechain,-0.0005388594545883025
A,96,ALA,sidechain,A,99,LEU,sidechain,0.1879583231357734
A,100,THR,sidechain,A,1,VAL,sidechain,-0.37897278792382066
A,4,LEU,sidechain,A,100,THR,sidechain,0.0005692326203341733
A,49,LEU,sidechain,A,100,THR,sidechain,-0.45907847180861044
A,51,ILE,sidechain,A,100,THR,sidechain,0.05605524019183706
A,73,LEU,sidechain,A,100,THR,sidechain,0.06447648221247701
A,96,ALA,sidechain,A,100,THR,sidechain,-0.22873768188052157
A,97,LEU,sidechain,A,100,THR,sidechain,0.288394565061612
A,99,LEU,sidechain,A,100,THR,sidechain,0.008071529074302782
A,101,GLU,sidechain,A,1,VAL,sidechain,-0.18314825092867926
A,101,GLU,sidechain,A,97,LEU,sidechain,-0.0006707885359983309
A,101,GLU,sidechain,A,98,LYS,sidechain,-0.5906947416924293
A,101,GLU,sidechain,A,100,THR,sidechain,-0.0029069274369852346
A,102,GLN,sidechain,A,98,LYS,sidechain,-0.047750443538763426
A,102,GLN,sidechain,A,99,LEU,sidechain,-0.034576997091393405
A,102,GLN,sidechain,A,101,GLU,sidechain,-0.012186676332223896
A,102,GLN,sidechain,A,103,PRO,sidechain,-0.025164898657085488
A,104,GLU,sidechain,A,88,PHE,sidechain,-0.05584715876807746
A,104,GLU,sidechain,A,99,LEU,sidechain,-0.0004164219074728082
A,102,GLN,sidechain,A,104,GLU,sidechain,0.0007248588824441647
A,104,GLU,sidechain,A,103,PRO,sidechain,-0.015173221854448884
A,47,GLN,sidechain,A,105,LEU,sidechain,0.0001518353466739022
A,105,LEU,sidechain,A,49,LEU,sidechain,-0.5603460136434655
A,71,ILE,sidechain,A,105,LEU,sidechain,-0.6359031816891514
A,105,LEU,sidechain,A,73,LEU,sidechain,-0.20956835025586013
A,105,LEU,sidechain,A,88,PHE,sidechain,-1.055693068470965
A,105,LEU,sidechain,A,99,LEU,sidechain,-0.6410478205901187
A,105,LEU,sidechain,A,100,THR,sidechain,-0.21897678353321093
A,102,GLN,sidechain,A,105,LEU,sidechain,-0.0017464614354109312
A,104,GLU,sidechain,A,105,LEU,sidechain,0.0001268924061668004
A,106,ALA,sidechain,A,1,VAL,sidechain,-0.006237155597290616
A,106,ALA,sidechain,A,46,LYS,sidechain,0.0008805053776474361
A,106,ALA,sidechain,A,100,THR,sidechain,0.011951396104954713
A,106,ALA,sidechain,A,101,GLU,sidechain,-0.011545145766637442
A,106,ALA,sidechain,A,103,PRO,sidechain,0.0022373619396680905
A,106,ALA,sidechain,A,105,LEU,sidechain,0.0015471171570050207
A,107,ASN,sidechain,A,46,LYS,sidechain,-0.01692959724735663
A,107,ASN,sidechain,A,103,PRO,sidechain,-0.023776739879877648
A,107,ASN,sidechain,A,104,GLU,sidechain,-0.00502790790492607
A,106,ALA,sidechain,A,107,ASN,sidechain,-0.06422212234283334
A,108,LYS,sidechain,A,46,LYS,sidechain,-0.0007598527234877455
A,47,GLN,sidechain,A,108,LYS,sidechain,-0.07365022722402173
A,71,ILE,sidechain,A,108,LYS,sidechain,-0.20740490232183822
A,108,LYS,sidechain,A,88,PHE,sidechain,0.0034761903763382354
A,104,GLU,sidechain,A,108,LYS,sidechain,-0.12091584308558448
A,105,LEU,sidechain,A,108,LYS,sidechain,-0.12441076464499722
A,107,ASN,sidechain,A,108,LYS,sidechain,-0.07299423606192332
A,109,VAL,sidechain,A,1,VAL,sidechain,-0.07006558150569445
A,47,GLN,sidechain,A,109,VAL,sidechain,0.0006890088249156825
A,48,ASN,sidechain,A,109,VAL,sidechain,0.0009452665304120683
A,49,LEU,sidechain,A,109,VAL,sidechain,-0.6708734867457092
A,71,ILE,sidechain,A,109,VAL,sidechain,-0.23035143432276373
A,100,THR,sidechain,A,109,VAL,sidechain,-0.9046720014272646
A,105,LEU,sidechain,A,109,VAL,sidechain,-0.7349533861286727
A,106,ALA,sidechain,A,109,VAL,sidechain,0.040577335128675424
A,108,LYS,sidechain,A,109,VAL,sidechain,-0.006422906054704675
A,110,ASP,sidechain,A,3,SER,sidechain,0.014946287978987841
A,110,ASP,sidechain,A,41,SER,sidechain,-0.55446610898905
A,110,ASP,sidechain,A,42,SER,sidechain,-0.6504403814795908
A,110,ASP,sidechain,A,43,VAL,sidechain,0.00934970469044158
A,110,ASP,sidechain,A,46,LYS,sidechain,-0.1639265277085305
A,48,ASN,sidechain,A,110,ASP,sidechain,-0.5357137908894233
A,111,MET,sidechain,A,3,SER,sidechain,-0.19094460499246707
A,5,ASN,sidechain,A,111,MET,sidechain,-0.6413677319935611
A,111,MET,sidechain,A,37,MET,sidechain,0.0005366138725484152
A,111,MET,sidechain,A,40,THR,sidechain,-0.025841851546583583
A,111,MET,sidechain,A,41,SER,sidechain,-0.0006134214582610258
A,111,MET,sidechain,A,42,SER,sidechain,-0.19960713306203556
A,48,ASN,sidechain,A,111,MET,sidechain,-0.49430932042572945
A,110,ASP,sidechain,A,111,MET,sidechain,-0.1328333240199362
A,112,VAL,sidechain,A,1,VAL,sidechain,-0.2872008471702826
A,4,LEU,sidechain,A,112,VAL,sidechain,-0.9650719439173867
A,49,LEU,sidechain,A,112,VAL,sidechain,-0.6776191059590747
A,51,ILE,sidechain,A,112,VAL,sidechain,-1.013841467331852
A,93,LEU,sidechain,A,112,VAL,sidechain,-0.007191504568073422
A,97,LEU,sidechain,A,112,VAL,sidechain,-0.47018769005053096
A,100,THR,sidechain,A,112,VAL,sidechain,-0.4016777112179599
A,112,VAL,sidechain,A,109,VAL,sidechain,-0.0353182409432059
A,5,ASN,sidechain,A,113,TRP,sidechain,-0.7477456637199138
A,7,ILE,sidechain,A,113,TRP,sidechain,-0.7548308621367034
A,38,THR,sidechain,A,113,TRP,sidechain,-0.8423869047640553
A,40,THR,sidechain,A,113,TRP,sidechain,-0.0005077516916097623
A,48,ASN,sidechain,A,113,TRP,sidechain,-0.3946486802843964
A,111,MET,sidechain,A,113,TRP,sidechain,-0.2827997144082146
A,114,ILE,sidechain,A,4,LEU,sidechain,-1.1986484016486008
A,6,CYS,sidechain,A,114,ILE,sidechain,-0.4744448268099719
A,114,ILE,sidechain,A,51,ILE,sidechain,-0.5079381628918144
A,114,ILE,sidechain,A,75,LEU,sidechain,0.0007021890785456834
A,114,ILE,sidechain,A,93,LEU,sidechain,-0.809895113713033
A,114,ILE,sidechain,A,97,LEU,sidechain,-0.0013888885531358208
A,114,ILE,sidechain,A,112,VAL,sidechain,-0.4855136466176708
A,7,ILE,sidechain,A,115,VAL,sidechain,-0.7513510635237417
A,34,PHE,sidechain,A,115,VAL,sidechain,-0.9111166717777011
A,38,THR,sidechain,A,115,VAL,sidechain,-0.7577958075901807
A,115,VAL,sidechain,A,50,VAL,sidechain,-0.8272973093296891
A,52,MET,sidechain,A,115,VAL,sidechain,-0.47679335219891505
A,56,THR,sidechain,A,115,VAL,sidechain,-0.5661564766720679
A,60,ILE,sidechain,A,115,VAL,sidechain,-0.00047505632819722614
A,67,LEU,sidechain,A,115,VAL,sidechain,-0.05318086559032377
A,113,TRP,sidechain,A,115,VAL,sidechain,-0.012118897418451818
A,16,ILE,sidechain,A,118,SER,sidechain,-0.6277325561209979
A,19,ASN,sidechain,A,118,SER,sidechain,-0.0021524284900082233
A,22,LEU,sidechain,A,118,SER,sidechain,0.00018893895997396578
A,55,LYS,sidechain,A,119,SER,sidechain,0.00021788653436156046
A,119,SER,sidechain,A,56,THR,sidechain,-0.0014410949713810925
A,75,LEU,sidechain,A,119,SER,sidechain,-0.0003414966444092057
A,77,ARG,sidechain,A,119,SER,sidechain,0.001056032745229407
A,78,GLU,sidechain,A,119,SER,sidechain,-0.00024159957094215104
A,119,SER,sidechain,A,118,SER,sidechain,0.01448294703552932
A,51,ILE,sidechain,A,120,VAL,sidechain,-0.42109682390982756
A,56,THR,sidechain,A,120,VAL,sidechain,0.0011245272170875874
A,75,LEU,sidechain,A,120,VAL,sidechain,-1.1609881436037093
A,93,LEU,sidechain,A,120,VAL,sidechain,-0.5309071676693614
A,114,ILE,sidechain,A,120,VAL,sidechain,-0.7044204206093351
A,119,SER,sidechain,A,120,VAL,sidechain,0.06322084533015346
A,6,CYS,sidechain,A,121,TYR,sidechain,-0.7354344897771087
A,7,ILE,sidechain,A,121,TYR,sidechain,-0.0006170252126186945
A,121,TYR,sidechain,A,8,VAL,sidechain,-0.6575788524774536
A,9,ALA,sidechain,A,121,TYR,sidechain,0.0013519247278782993
A,16,ILE,sidechain,A,121,TYR,sidechain,-8.807250991534283e-05
A,22,LEU,sidechain,A,121,TYR,sidechain,-8.891596154296568e-05
A,34,PHE,sidechain,A,121,TYR,sidechain,0.00430237489942267
A,114,ILE,sidechain,A,121,TYR,sidechain,-0.9373624338746354
A,121,TYR,sidechain,A,120,VAL,sidechain,-0.0009287433672290278
A,16,ILE,sidechain,A,122,LYS,sidechain,-0.008786609034402676
A,77,ARG,sidechain,A,122,LYS,sidechain,2.4965955430015003e-05
A,122,LYS,sidechain,A,118,SER,sidechain,-0.04854883141021169
A,122,LYS,sidechain,A,119,SER,sidechain,-0.022527756981586957
A,123,GLU,sidechain,A,75,LEU,sidechain,-0.06903121064105888
A,77,ARG,sidechain,A,123,GLU,sidechain,-0.20969634705515008
A,123,GLU,sidechain,A,92,SER,sidechain,-0.07153726527737718
A,123,GLU,sidechain,A,93,LEU,sidechain,-0.002168398274338288
A,94,ASP,sidechain,A,123,GLU,sidechain,-0.04617386460039429
A,123,GLU,sidechain,A,119,SER,sidechain,-0.04048167184708084
A,123,GLU,sidechain,A,120,VAL,sidechain,-0.004587047018322617
A,123,GLU,sidechain,A,122,LYS,sidechain,-0.2584365828766077
A,124,ALA,sidechain,A,4,LEU,sidechain,-0.13314034411974993
A,124,ALA,sidechain,A,6,CYS,sidechain,-0.3422673957387065
A,124,ALA,sidechain,A,93,LEU,sidechain,-0.26884268553443674
A,124,ALA,sidechain,A,114,ILE,sidechain,-0.6119176579373933
A,124,ALA,sidechain,A,120,VAL,sidechain,-0.005577184409962447
A,124,ALA,sidechain,A,121,TYR,sidechain,-0.008377336354052287
A,124,ALA,sidechain,A,123,GLU,sidechain,-1.0480392534706202
A,6,CYS,sidechain,A,125,MET,sidechain,-0.20702533482163438
A,125,MET,sidechain,A,8,VAL,sidechain,-0.0002705090683642157
A,125,MET,sidechain,A,121,TYR,sidechain,-0.0006043124961627038
A,122,LYS,sidechain,A,125,MET,sidechain,-0.004611118286141852
A,124,ALA,sidechain,A,125,MET,sidechain,-0.23850365359141928
A,126,ASN,sidechain,A,122,LYS,sidechain,-0.3364118463461844
A,126,ASN,sidechain,A,123,GLU,sidechain,-0.03525295721144102
A,128,PRO,sidechain,A,1,VAL,sidechain,-0.0006806327391998463
A,94,ASP,sidechain,A,128,PRO,sidechain,0.007410000903770257
A,131,LEU,sidechain,A,4,LEU,sidechain,-0.7861011880560297
A,6,CYS,sidechain,A,131,LEU,sidechain,-0.23512736131352707
A,131,LEU,sidechain,A,93,LEU,sidechain,0.0004776305920704846
A,114,ILE,sidechain,A,131,LEU,sidechain,-0.0883741785426761
A,124,ALA,sidechain,A,131,LEU,sidechain,-0.6787821791704162
A,131,LEU,sidechain,A,125,MET,sidechain,-0.436685673210558
A,132,LYS,sidechain,A,3,SER,sidechain,-0.204535698822161
A,5,ASN,sidechain,A,132,LYS,sidechain,-0.530843579349929
A,132,LYS,sidechain,A,111,MET,sidechain,0.004783640681849837
A,6,CYS,sidechain,A,133,LEU,sidechain,-1.1436288064848896
A,133,LEU,sidechain,A,8,VAL,sidechain,-1.0610252558231636
A,124,ALA,sidechain,A,133,LEU,sidechain,-4.2796187914943244e-05
A,133,LEU,sidechain,A,125,MET,sidechain,-0.9645478236100027
A,133,LEU,sidechain,A,131,LEU,sidechain,-0.21962194197250628
A,5,ASN,sidechain,A,134,PHE,sidechain,-0.02420269618565614
A,134,PHE,sidechain,A,33,TYR,sidechain,-0.008093825122120821
A,37,MET,sidechain,A,134,PHE,sidechain,-0.9404940808664177
A,111,MET,sidechain,A,134,PHE,sidechain,-0.0007030479433412235
A,134,PHE,sidechain,A,113,TRP,sidechain,-0.2893891839478253
A,132,LYS,sidechain,A,134,PHE,sidechain,-0.02048539245607093
A,135,VAL,sidechain,A,8,VAL,sidechain,-0.7344266113963627
A,9,ALA,sidechain,A,135,VAL,sidechain,0.00543198909310368
A,135,VAL,sidechain,A,10,VAL,sidechain,-0.10468719859322824
A,14,MET,sidechain,A,135,VAL,sidechain,-0.0031883368683511045
A,133,LEU,sidechain,A,135,VAL,sidechain,-1.0819353212522986
A,7,ILE,sidechain,A,136,THR,sidechain,0.012516354645439093
A,9,ALA,sidechain,A,136,THR,sidechain,-0.14767878821728778
A,27,LEU,sidechain,A,136,THR,sidechain,-0.091888891744882
A,30,GLU,sidechain,A,136,THR,sidechain,-0.6549759351141349
A,136,THR,sidechain,A,33,TYR,sidechain,0.13087819927146932
A,137,ARG,sidechain,A,10,VAL,sidechain,-0.1183463888887263
A,137,ARG,sidechain,A,12,GLN,sidechain,-0.008220730705702041
A,137,ARG,sidechain,A,14,MET,sidechain,-0.4422324423642909
A,137,ARG,sidechain,A,135,VAL,sidechain,-0.2563280818114384
A,9,ALA,sidechain,A,138,ILE,sidechain,-0.8528973851529484
A,138,ILE,sidechain,A,11,SER,sidechain,-0.008780798048301825
A,138,ILE,sidechain,A,24,TRP,sidechain,-0.692206101307769
A,138,ILE,sidechain,A,27,LEU,sidechain,-1.1188785281888611
A,30,GLU,sidechain,A,138,ILE,sidechain,-0.012509379206253966
A,138,ILE,sidechain,A,136,THR,sidechain,-1.57394168472968
A,12,GLN,sidechain,A,139,MET,sidechain,-0.1228219273663457
A,140,GLN,sidechain,A,12,GLN,sidechain,-0.0026171474477002547
A,140,GLN,sidechain,A,138,ILE,sidechain,-0.1423111712368055
A,140,GLN,sidechain,A,139,MET,sidechain,-0.0017026272288995896
A,141,ASP,sidechain,A,11,SER,sidechain,-0.02924153379052083
A,141,ASP,sidechain,A,12,GLN,sidechain,-0.10641350028639156
A,13,ASN,sidechain,A,141,ASP,sidechain,-0.04270280779436478
A,141,ASP,sidechain,A,140,GLN,sidechain,-0.047083650093296125
A,142,PHE,sidechain,A,11,SER,sidechain,-0.03191202318006729
A,142,PHE,sidechain,A,23,PRO,sidechain,-0.15515191296770148
A,142,PHE,sidechain,A,24,TRP,sidechain,-0.9707014425635621
A,142,PHE,sidechain,A,25,PRO,sidechain,-0.020083185335537376
A,138,ILE,sidechain,A,142,PHE,sidechain,-0.8096552413879448
A,140,GLN,sidechain,A,142,PHE,sidechain,-0.05428524269977302
A,141,ASP,sidechain,A,142,PHE,sidechain,-0.000498324067671717
A,13,ASN,sidechain,A,143,GLU,sidechain,-0.0014536446081783393
A,143,GLU,sidechain,A,18,LYS,sidechain,-0.6168977960235753
A,143,GLU,sidechain,A,23,PRO,sidechain,0.0001842483736892447
A,141,ASP,sidechain,A,143,GLU,sidechain,-0.0021694118501309535
A,143,GLU,sidechain,A,142,PHE,sidechain,-0.0001456319526614736
A,144,SER,sidechain,A,11,SER,sidechain,-0.12275460982139076
A,13,ASN,sidechain,A,144,SER,sidechain,-0.06461335724755962
A,16,ILE,sidechain,A,144,SER,sidechain,-0.00010136650848727655
A,18,LYS,sidechain,A,144,SER,sidechain,-0.0015386943992280282
A,23,PRO,sidechain,A,144,SER,sidechain,-0.01155297176788839
A,144,SER,sidechain,A,24,TRP,sidechain,0.0015781781684730855
A,145,ASP,sidechain,A,18,LYS,sidechain,-0.2472330883213747
A,19,ASN,sidechain,A,145,ASP,sidechain,-0.45725375511537314
A,145,ASP,sidechain,A,55,LYS,sidechain,8.60707313528558e-05
A,145,ASP,sidechain,A,118,SER,sidechain,-0.0005347058176994324
A,145,ASP,sidechain,A,144,SER,sidechain,-0.00041490877974089855
A,16,ILE,sidechain,A,146,THR,sidechain,-1.2224849279521925
A,19,ASN,sidechain,A,146,THR,sidechain,-0.004807955214656642
A,55,LYS,sidechain,A,146,THR,sidechain,-0.0001378044733221497
A,118,SER,sidechain,A,146,THR,sidechain,0.0038872449923642157
A,119,SER,sidechain,A,146,THR,sidechain,-6.71438908124987e-05
A,122,LYS,sidechain,A,146,THR,sidechain,-0.03125202993010458
A,144,SER,sidechain,A,146,THR,sidechain,0.0009486987409998456
A,145,ASP,sidechain,A,146,THR,sidechain,-1.1101981282512265
A,13,ASN,sidechain,A,147,PHE,sidechain,-0.4058193839673765
A,147,PHE,sidechain,A,144,SER,sidechain,-0.5892342642254209
A,6,CYS,sidechain,A,148,PHE,sidechain,-0.17284783987566757
A,148,PHE,sidechain,A,8,VAL,sidechain,-1.0627913749136773
A,148,PHE,sidechain,A,10,VAL,sidechain,-0.30997928721312723
A,14,MET,sidechain,A,148,PHE,sidechain,-0.15899521313658452
A,16,ILE,sidechain,A,148,PHE,sidechain,-0.019707855207942673
A,148,PHE,sidechain,A,118,SER,sidechain,-0.000769400342380831
A,148,PHE,sidechain,A,121,TYR,sidechain,-0.28871242211187054
A,125,MET,sidechain,A,148,PHE,sidechain,-0.7277782538296629
A,133,LEU,sidechain,A,148,PHE,sidechain,-0.5714751937077932
A,148,PHE,sidechain,A,135,VAL,sidechain,-0.11070327051050113
A,137,ARG,sidechain,A,148,PHE,sidechain,-0.00864298848594733
A,149,PRO,sidechain,A,8,VAL,sidechain,0.004231993108987808
A,16,ILE,sidechain,A,149,PRO,sidechain,0.031373537778942646
A,149,PRO,sidechain,A,118,SER,sidechain,-0.07384568335840443
A,122,LYS,sidechain,A,149,PRO,sidechain,-0.1870793599014113
A,125,MET,sidechain,A,149,PRO,sidechain,-0.3561469358132746
A,126,ASN,sidechain,A,149,PRO,sidechain,-0.0011280352642574298
A,148,PHE,sidechain,A,149,PRO,sidechain,-0.45308956037324044
A,150,GLU,sidechain,A,14,MET,sidechain,-0.01045479825852324
A,150,GLU,sidechain,A,122,LYS,sidechain,-0.04634983936695479
A,137,ARG,sidechain,A,150,GLU,sidechain,-0.00012973010080968034
A,150,GLU,sidechain,A,149,PRO,sidechain,-0.0027634405875269553
A,151,ILE,sidechain,A,14,MET,sidechain,-0.18532490620822137
A,151,ILE,sidechain,A,122,LYS,sidechain,-0.01696276980765623
A,151,ILE,sidechain,A,125,MET,sidechain,-0.33272021741464775
A,126,ASN,sidechain,A,151,ILE,sidechain,-0.042385064032542163
A,151,ILE,sidechain,A,133,LEU,sidechain,-0.27784138705396044
A,151,ILE,sidechain,A,135,VAL,sidechain,-0.2465770346977664
A,137,ARG,sidechain,A,151,ILE,sidechain,-0.1018581635884773
A,151,ILE,sidechain,A,148,PHE,sidechain,-0.6435422883893174
A,151,ILE,sidechain,A,149,PRO,sidechain,-0.0037119044495803875
A,152,ASP,sidechain,A,125,MET,sidechain,-0.0010031608961769754
A,152,ASP,sidechain,A,150,GLU,sidechain,-0.0046168262209584365
A,153,LEU,sidechain,A,8,VAL,sidechain,-0.0014505116577962
A,153,LEU,sidechain,A,10,VAL,sidechain,-0.0006922707138185818
A,153,LEU,sidechain,A,14,MET,sidechain,-0.06810263321035369
A,153,LEU,sidechain,A,125,MET,sidechain,-0.018865411430244197
A,153,LEU,sidechain,A,133,LEU,sidechain,-0.10566312786836124
A,153,LEU,sidechain,A,135,VAL,sidechain,-0.23137551335335413
A,137,ARG,sidechain,A,153,LEU,sidechain,-0.15752631294324781
A,153,LEU,sidechain,A,148,PHE,sidechain,-0.16308860826831292
A,151,ILE,sidechain,A,153,LEU,sidechain,-0.2587433365941648
A,152,ASP,sidechain,A,153,LEU,sidechain,-0.0013167320340165595
A,137,ARG,sidechain,A,154,GLU,sidechain,-0.005917917244065712
A,152,ASP,sidechain,A,154,GLU,sidechain,-0.1397399207879458
A,154,GLU,sidechain,A,153,LEU,sidechain,-0.002236952519671047
A,126,ASN,sidechain,A,155,LYS,sidechain,-0.0004926385331492853
A,151,ILE,sidechain,A,155,LYS,sidechain,2.3887627338769877e-05
A,152,ASP,sidechain,A,155,LYS,sidechain,-0.7826275281261618
A,154,GLU,sidechain,A,155,LYS,sidechain,-0.2058649110426835
A,125,MET,sidechain,A,156,TYR,sidechain,-0.3714746314689067
A,126,ASN,sidechain,A,156,TYR,sidechain,0.0014265580764878983
A,131,LEU,sidechain,A,156,TYR,sidechain,-0.20685583677357205
A,133,LEU,sidechain,A,156,TYR,sidechain,-0.08035319057012957
A,151,ILE,sidechain,A,156,TYR,sidechain,-0.28413205955180854
A,152,ASP,sidechain,A,156,TYR,sidechain,-0.004009970008082229
A,153,LEU,sidechain,A,156,TYR,sidechain,-0.029272157235415344
A,155,LYS,sidechain,A,156,TYR,sidechain,-0.11993252475397281
A,153,LEU,sidechain,A,157,LYS,sidechain,-0.0016593211705650764
A,154,GLU,sidechain,A,157,LYS,sidechain,-0.012515985826251066
A,137,ARG,sidechain,A,158,LEU,sidechain,0.0011925361167763081
A,158,LEU,sidechain,A,153,LEU,sidechain,-0.0004187022507967542
A,154,GLU,sidechain,A,158,LEU,sidechain,0.0002444282668461732
A,159,LEU,sidechain,A,132,LYS,sidechain,-0.1795387178332814
A,159,LEU,sidechain,A,157,LYS,sidechain,-0.24371350261435726
A,157,LYS,sidechain,A,160,PRO,sidechain,0.017864461352616125
A,158,LEU,sidechain,A,160,PRO,sidechain,-0.10912051258754356
A,159,LEU,sidechain,A,160,PRO,sidechain,0.017181065319750406
A,161,GLU,sidechain,A,159,LEU,sidechain,-0.0013241598038311818
A,161,GLU,sidechain,A,160,PRO,sidechain,-0.006964767014086953
A,3,SER,sidechain,A,162,TYR,sidechain,0.0003836695193114439
A,5,ASN,sidechain,A,162,TYR,sidechain,0.03991254696498903
A,36,ARG,sidechain,A,162,TYR,sidechain,-0.0011506758594964919
A,37,MET,sidechain,A,162,TYR,sidechain,-0.03768870947436734
A,42,SER,sidechain,A,162,TYR,sidechain,0.0004778092294507682
A,111,MET,sidechain,A,162,TYR,sidechain,-0.02395257916479698
A,132,LYS,sidechain,A,162,TYR,sidechain,-0.8654552580197276
A,134,PHE,sidechain,A,162,TYR,sidechain,-0.1709979329218479
A,159,LEU,sidechain,A,162,TYR,sidechain,-0.9041242042966893
A,36,ARG,sidechain,A,163,PRO,sidechain,-0.034325455154305524
A,159,LEU,sidechain,A,163,PRO,sidechain,0.000114712952437559
A,161,GLU,sidechain,A,163,PRO,sidechain,0.00016212103208659384
A,163,PRO,sidechain,A,162,TYR,sidechain,-0.18497516225992539
A,33,TYR,sidechain,A,165,VAL,sidechain,-0.9040275643516489
A,36,ARG,sidechain,A,165,VAL,sidechain,0.0009455207682333852
A,37,MET,sidechain,A,165,VAL,sidechain,-0.7880096310447646
A,134,PHE,sidechain,A,165,VAL,sidechain,-0.36123804505365475
A,160,PRO,sidechain,A,165,VAL,sidechain,0.0005890969981514447
A,29,ASN,sidechain,A,166,LEU,sidechain,-0.03194273376376126
A,166,LEU,sidechain,A,33,TYR,sidechain,-0.04544934250030366
A,36,ARG,sidechain,A,166,LEU,sidechain,0.007636121269514105
A,166,LEU,sidechain,A,165,VAL,sidechain,-0.0005385668780566392
A,160,PRO,sidechain,A,167,SER,sidechain,-0.00032867244069610164
A,161,GLU,sidechain,A,167,SER,sidechain,-0.07711613241371244
A,167,SER,sidechain,A,165,VAL,sidechain,-0.005901248300209712
A,166,LEU,sidechain,A,167,SER,sidechain,-0.0022997244292102155
A,168,ASP,sidechain,A,166,LEU,sidechain,-0.04694715388322258
A,168,ASP,sidechain,A,167,SER,sidechain,0.0386041782118305
A,139,MET,sidechain,A,169,VAL,sidechain,-0.49839564295430716
A,168,ASP,sidechain,A,169,VAL,sidechain,-0.004965745673617111
A,28,ARG,sidechain,A,170,GLN,sidechain,-8.093143738276586e-05
A,29,ASN,sidechain,A,170,GLN,sidechain,-0.6634947479666946
A,170,GLN,sidechain,A,166,LEU,sidechain,-0.8409539747771353
A,168,ASP,sidechain,A,170,GLN,sidechain,-0.012145161886933431
A,140,GLN,sidechain,A,171,GLU,sidechain,-0.0005104773505745341
A,171,GLU,sidechain,A,169,VAL,sidechain,-0.027397727904775026
A,172,GLU,sidechain,A,25,PRO,sidechain,0.00046417996357967504
A,172,GLU,sidechain,A,27,LEU,sidechain,-0.2998020461500044
A,28,ARG,sidechain,A,172,GLU,sidechain,-0.27601406883925056
A,29,ASN,sidechain,A,172,GLU,sidechain,-0.40090067541641644
A,32,ARG,sidechain,A,172,GLU,sidechain,3.682852444631794e-05
A,170,GLN,sidechain,A,172,GLU,sidechain,0.0034018406794534477
A,173,LYS,sidechain,A,25,PRO,sidechain,-0.2846520881889105
A,173,LYS,sidechain,A,26,PRO,sidechain,-0.010457045032992579
A,27,LEU,sidechain,A,173,LYS,sidechain,-0.08295350899904419
A,28,ARG,sidechain,A,173,LYS,sidechain,-0.022992866204817608
A,172,GLU,sidechain,A,173,LYS,sidechain,-0.2166493994700259
A,175,ILE,sidechain,A,24,TRP,sidechain,-0.0011689632566054286
A,175,ILE,sidechain,A,25,PRO,sidechain,-0.2764113511423546
A,175,ILE,sidechain,A,27,LEU,sidechain,-0.6454902463173273
A,175,ILE,sidechain,A,138,ILE,sidechain,-1.1212111484453577
A,140,GLN,sidechain,A,175,ILE,sidechain,-0.44578092567174654
A,175,ILE,sidechain,A,142,PHE,sidechain,-0.8258279938255194
A,172,GLU,sidechain,A,175,ILE,sidechain,0.00047005568211677516
A,175,ILE,sidechain,A,173,LYS,sidechain,-0.01288206190294564
A,176,LYS,sidechain,A,139,MET,sidechain,-0.4069917712435656
A,140,GLN,sidechain,A,176,LYS,sidechain,-0.2607108535821896
A,176,LYS,sidechain,A,169,VAL,sidechain,-0.535350408796519
A,171,GLU,sidechain,A,176,LYS,sidechain,-1.448011530066677
A,27,LEU,sidechain,A,177,TYR,sidechain,-1.062179436968966
A,29,ASN,sidechain,A,177,TYR,sidechain,-0.341991772932294
A,138,ILE,sidechain,A,177,TYR,sidechain,-0.0036632797870590787
A,170,GLN,sidechain,A,177,TYR,sidechain,-0.10909928414988292
A,172,GLU,sidechain,A,177,TYR,sidechain,-1.3849404477933642
A,175,ILE,sidechain,A,177,TYR,sidechain,-0.05832577029119524
A,178,LYS,sidechain,A,139,MET,sidechain,-0.8135894941236664
A,158,LEU,sidechain,A,178,LYS,sidechain,0.002809218462044594
A,178,LYS,sidechain,A,167,SER,sidechain,-0.0006749228015983415
A,178,LYS,sidechain,A,169,VAL,sidechain,-0.6694531898318803
A,29,ASN,sidechain,A,179,PHE,sidechain,-0.026285964452167222
A,30,GLU,sidechain,A,179,PHE,sidechain,-0.049043021227731874
A,179,PHE,sidechain,A,33,TYR,sidechain,-0.50023273654697
A,36,ARG,sidechain,A,179,PHE,sidechain,0.0019155337488481784
A,179,PHE,sidechain,A,136,THR,sidechain,-0.6491433336527497
A,179,PHE,sidechain,A,165,VAL,sidechain,-0.02429177386628826
A,166,LEU,sidechain,A,179,PHE,sidechain,-0.2969165029538292
A,170,GLN,sidechain,A,179,PHE,sidechain,-0.23211581893132832
A,179,PHE,sidechain,A,177,TYR,sidechain,-0.005378220128822383
A,180,GLU,sidechain,A,135,VAL,sidechain,0.01701898867445358
A,137,ARG,sidechain,A,180,GLU,sidechain,-1.2404835557564264
A,180,GLU,sidechain,A,151,ILE,sidechain,0.003399220449735203
A,180,GLU,sidechain,A,153,LEU,sidechain,-0.0016135296197299144
A,180,GLU,sidechain,A,158,LEU,sidechain,-0.2978657208106114
A,180,GLU,sidechain,A,178,LYS,sidechain,-0.706686631442595
A,33,TYR,sidechain,A,181,VAL,sidechain,0.31057393595563043
A,37,MET,sidechain,A,181,VAL,sidechain,0.0018315474145220354
A,132,LYS,sidechain,A,181,VAL,sidechain,-0.06648785582085921
A,134,PHE,sidechain,A,181,VAL,sidechain,-0.929307231229346
A,159,LEU,sidechain,A,181,VAL,sidechain,-0.8553231878573587
A,162,TYR,sidechain,A,181,VAL,sidechain,-0.15944225650685684
A,181,VAL,sidechain,A,165,VAL,sidechain,-0.8266272923403741
A,182,TYR,sidechain,A,135,VAL,sidechain,0.002431540586654609
A,137,ARG,sidechain,A,182,TYR,sidechain,-1.0857183569203621
A,151,ILE,sidechain,A,182,TYR,sidechain,-0.3784542038961715
A,153,LEU,sidechain,A,182,TYR,sidechain,-0.2315842487145286
A,154,GLU,sidechain,A,182,TYR,sidechain,-0.008448706736779325
A,158,LEU,sidechain,A,182,TYR,sidechain,-1.259051682886566
A,180,GLU,sidechain,A,182,TYR,sidechain,-1.1339909749202677
A,183,GLU,sidechain,A,132,LYS,sidechain,-1.4070254337225745
A,183,GLU,sidechain,A,157,LYS,sidechain,-0.6695171577692632
A,183,GLU,sidechain,A,159,LEU,sidechain,-0.50129629475709
A,183,GLU,sidechain,A,162,TYR,sidechain,-0.02645732551234911
A,183,GLU,sidechain,A,181,VAL,sidechain,-0.0006966056981922891
A,184,LYS,sidechain,A,128,PRO,sidechain,-0.00013777972927308196
A,131,LEU,sidechain,A,184,LYS,sidechain,-0.253416779782111
A,133,LEU,sidechain,A,184,LYS,sidechain,-0.007522079193196591
A,151,ILE,sidechain,A,184,LYS,sidechain,-0.0008743375681022897
A,184,LYS,sidechain,A,155,LYS,sidechain,-0.04474654783587462
A,184,LYS,sidechain,A,156,TYR,sidechain,-1.3065828628290745
A,185,ASN,sidechain,A,151,ILE,sidechain,0.0004195227371572883
A,185,ASN,sidechain,A,153,LEU,sidechain,0.0009704999872858491
A,185,ASN,sidechain,A,154,GLU,sidechain,-0.0005284092826018401
A,185,ASN,sidechain,A,155,LYS,sidechain,-0.06348967023185008
A,185,ASN,sidechain,A,156,TYR,sidechain,0.007017568346903046
A,185,ASN,sidechain,A,157,LYS,sidechain,-0.6183311754895012
A,185,ASN,sidechain,A,183,GLU,sidechain,-0.10304588985395445
A,185,ASN,sidechain,A,184,LYS,sidechain,-0.03705148989835674
A,186,ASP,sidechain,A,128,PRO,sidechain,0.00012506873863285753
A,186,ASP,sidechain,A,155,LYS,sidechain,-0.02212268585709952
A,186,ASP,sidechain,A,157,LYS,sidechain,-0.26386769554220246
A,186,ASP,sidechain,A,183,GLU,sidechain,0.004854572665440669
A,186,ASP,sidechain,A,184,LYS,sidechain,-0.06654414887235487
A,185,ASN,sidechain,A,186,ASP,sidechain,-0.010562341022459676
