A,21,ASP,sc.asp.COOn,A,18,LYS,sc.lys.NZp,1.4218009478672986
A,31,ARG,sc.arg.NCNNp,A,30,GLU,sc.glu.COOn,34.834123222748815
A,35,GLU,sc.glu.COOn,A,31,ARG,sc.arg.NCNNp,46.327014218009474
A,35,GLU,sc.glu.COOn,A,32,ARG,sc.arg.NCNNp,39.92890995260663
A,36,ARG,sc.arg.NCNNp,A,35,GLU,sc.glu.COOn,7.464454976303317
A,55,LYS,sc.lys.NZp,A,21,ASP,sc.asp.COOn,43.127962085308056
A,63,LYS,sc.lys.NZp,A,62,GLU,sc.glu.COOn,27.843601895734597
A,65,ARG,sc.arg.NCNNp,A,62,GLU,sc.glu.COOn,89.0995260663507
A,68,LYS,sc.lys.NZp,A,35,GLU,sc.glu.COOn,11.492890995260662
A,70,ARG,sc.arg.NCNNp,A,35,GLU,sc.glu.COOn,99.17061611374407
A,78,GLU,sc.glu.COOn,A,54,LYS,sc.lys.NZp,97.74881516587678
A,78,GLU,sc.glu.COOn,A,55,LYS,sc.lys.NZp,2.014218009478673
A,78,GLU,sc.glu.COOn,A,77,ARG,sc.arg.NCNNp,9.24170616113744
A,81,GLU,sc.glu.COOn,A,80,LYS,sc.lys.NZp,22.03791469194313
A,94,ASP,sc.asp.COOn,A,77,ARG,sc.arg.NCNNp,1.1848341232227488
A,94,ASP,sc.asp.COOn,A,91,ARG,sc.arg.NCNNp,4.502369668246446
A,95,ASP,sc.asp.COOn,A,77,ARG,sc.arg.NCNNp,8.767772511848342
A,95,ASP,sc.asp.COOn,A,91,ARG,sc.arg.NCNNp,71.32701421800948
A,98,LYS,sc.lys.NZp,A,94,ASP,sc.asp.COOn,38.62559241706161
A,98,LYS,sc.lys.NZp,A,95,ASP,sc.asp.COOn,34.71563981042654
A,101,GLU,sc.glu.COOn,A,98,LYS,sc.lys.NZp,44.07582938388626
A,108,LYS,sc.lys.NZp,A,104,GLU,sc.glu.COOn,21.6824644549763
A,110,ASP,sc.asp.COOn,A,46,LYS,sc.lys.NZp,58.175355450236964
A,123,GLU,sc.glu.COOn,A,77,ARG,sc.arg.NCNNp,53.55450236966824
A,123,GLU,sc.glu.COOn,A,122,LYS,sc.lys.NZp,23.696682464454977
A,143,GLU,sc.glu.COOn,A,18,LYS,sc.lys.NZp,70.73459715639811
A,145,ASP,sc.asp.COOn,A,18,LYS,sc.lys.NZp,38.74407582938388
A,145,ASP,sc.asp.COOn,A,55,LYS,sc.lys.NZp,0.23696682464454977
A,150,GLU,sc.glu.COOn,A,122,LYS,sc.lys.NZp,7.819905213270142
A,150,GLU,sc.glu.COOn,A,137,ARG,sc.arg.NCNNp,0.23696682464454977
A,152,ASP,sc.asp.COOn,A,137,ARG,sc.arg.NCNNp,0.11848341232227488
A,154,GLU,sc.glu.COOn,A,137,ARG,sc.arg.NCNNp,2.014218009478673
A,155,LYS,sc.lys.NZp,A,152,ASP,sc.asp.COOn,71.56398104265402
A,155,LYS,sc.lys.NZp,A,154,GLU,sc.glu.COOn,32.10900473933649
A,157,LYS,sc.lys.NZp,A,154,GLU,sc.glu.COOn,1.6587677725118484
A,172,GLU,sc.glu.COOn,A,28,ARG,sc.arg.NCNNp,60.66350710900474
A,172,GLU,sc.glu.COOn,A,32,ARG,sc.arg.NCNNp,1.3033175355450237
A,173,LYS,sc.lys.NZp,A,172,GLU,sc.glu.COOn,56.16113744075829
A,176,LYS,sc.lys.NZp,A,171,GLU,sc.glu.COOn,95.73459715639811
A,178,LYS,sc.lys.NZp,A,168,ASP,sc.asp.COOn,0.23696682464454977
A,180,GLU,sc.glu.COOn,A,137,ARG,sc.arg.NCNNp,100.0
A,180,GLU,sc.glu.COOn,A,178,LYS,sc.lys.NZp,85.9004739336493
A,183,GLU,sc.glu.COOn,A,132,LYS,sc.lys.NZp,97.1563981042654
A,183,GLU,sc.glu.COOn,A,157,LYS,sc.lys.NZp,65.04739336492891
A,186,ASP,ctertn,A,155,LYS,sc.lys.NZp,15.758293838862558
A,186,ASP,ctertn,A,157,LYS,sc.lys.NZp,0.23696682464454977
A,186,ASP,ctertn,A,184,LYS,sc.lys.NZp,6.161137440758294
A,186,ASP,sc.asp.COOn,A,132,LYS,sc.lys.NZp,0.11848341232227488
A,186,ASP,sc.asp.COOn,A,155,LYS,sc.lys.NZp,3.5545023696682465
A,186,ASP,sc.asp.COOn,A,157,LYS,sc.lys.NZp,23.22274881516588
A,186,ASP,sc.asp.COOn,A,184,LYS,sc.lys.NZp,7.701421800947868
