seg_,1,VAL,O,seg_,3,SER,OG,0.0380952380952381
seg_,1,VAL,N,seg_,100,THR,O,0.09523809523809523
seg_,1,VAL,N,seg_,100,THR,OG1,0.3619047619047619
seg_,1,VAL,O,seg_,100,THR,OG1,0.0380952380952381
seg_,1,VAL,N,seg_,101,GLU,OE1,15.657142857142858
seg_,1,VAL,N,seg_,101,GLU,OE2,16.114285714285714
seg_,1,VAL,N,seg_,106,ALA,O,0.05714285714285715
seg_,1,VAL,N,seg_,109,VAL,O,0.0761904761904762
seg_,1,VAL,N,seg_,110,ASP,OD1,0.3238095238095238
seg_,1,VAL,N,seg_,110,ASP,OD2,0.9333333333333335
seg_,2,GLY,O,seg_,3,SER,OG,0.2857142857142857
seg_,2,GLY,N,seg_,100,THR,OG1,3.428571428571429
seg_,2,GLY,N,seg_,101,GLU,OE2,0.01904761904761905
seg_,2,GLY,N,seg_,109,VAL,O,0.01904761904761905
seg_,2,GLY,N,seg_,110,ASP,O,7.314285714285715
seg_,2,GLY,N,seg_,110,ASP,OD2,0.0761904761904762
seg_,2,GLY,O,seg_,130,HSD,N,0.19047619047619047
seg_,3,SER,OG,seg_,4,LEU,O,0.4
seg_,3,SER,O,seg_,5,ASN,ND2,0.17142857142857143
seg_,3,SER,OG,seg_,5,ASN,ND2,2.380952380952381
seg_,3,SER,OG,seg_,5,ASN,OD1,9.619047619047619
seg_,3,SER,N,seg_,110,ASP,O,17.02857142857143
seg_,3,SER,N,seg_,110,ASP,OD2,0.01904761904761905
seg_,3,SER,OG,seg_,110,ASP,O,0.6857142857142857
seg_,3,SER,OG,seg_,110,ASP,OD1,0.0380952380952381
seg_,3,SER,OG,seg_,110,ASP,OD2,0.0761904761904762
seg_,3,SER,N,seg_,111,MET,SD,0.01904761904761905
seg_,3,SER,O,seg_,112,VAL,N,48.49523809523809
seg_,3,SER,OG,seg_,130,HSD,NE2,0.1142857142857143
seg_,3,SER,OG,seg_,130,HSD,O,0.1142857142857143
seg_,3,SER,OG,seg_,132,LYS,NZ,1.4095238095238094
seg_,4,LEU,O,seg_,5,ASN,ND2,0.09523809523809523
seg_,4,LEU,N,seg_,130,HSD,NE2,0.38095238095238093
seg_,4,LEU,N,seg_,130,HSD,O,2.419047619047619
seg_,4,LEU,O,seg_,132,LYS,N,27.390476190476193
seg_,5,ASN,N,seg_,112,VAL,O,59.923809523809524
seg_,5,ASN,ND2,seg_,112,VAL,O,7.828571428571429
seg_,5,ASN,O,seg_,114,ILE,N,84.66666666666667
seg_,5,ASN,OD1,seg_,132,LYS,NZ,0.34285714285714286
seg_,6,CYS,N,seg_,132,LYS,O,62.26666666666667
seg_,6,CYS,O,seg_,134,PHE,N,89.75238095238095
seg_,7,ILE,N,seg_,114,ILE,O,31.02857142857143
seg_,7,ILE,O,seg_,121,TYR,OH,62.97142857142857
seg_,8,VAL,N,seg_,134,PHE,O,45.56190476190476
seg_,8,VAL,O,seg_,136,THR,N,72.53333333333333
seg_,8,VAL,O,seg_,136,THR,OG1,0.1523809523809524
seg_,10,VAL,N,seg_,136,THR,O,72.60952380952381
seg_,10,VAL,O,seg_,138,ILE,N,54.81904761904762
seg_,11,SER,OG,seg_,12,GLN,N,0.01904761904761905
seg_,11,SER,OG,seg_,12,GLN,NE2,0.01904761904761905
seg_,11,SER,O,seg_,13,ASN,N,0.0380952380952381
seg_,11,SER,OG,seg_,13,ASN,N,3.9619047619047616
seg_,11,SER,OG,seg_,13,ASN,OD1,0.34285714285714286
seg_,11,SER,O,seg_,14,MET,N,23.752380952380953
seg_,11,SER,N,seg_,15,GLY,O,46.55238095238095
seg_,11,SER,O,seg_,15,GLY,N,0.01904761904761905
seg_,11,SER,OG,seg_,15,GLY,N,24.952380952380953
seg_,11,SER,OG,seg_,15,GLY,O,0.4
seg_,11,SER,O,seg_,137,ARG,NH1,0.0380952380952381
seg_,11,SER,OG,seg_,138,ILE,O,0.05714285714285715
seg_,11,SER,OG,seg_,140,GLN,O,2.7047619047619045
seg_,11,SER,OG,seg_,141,ASP,O,0.09523809523809523
seg_,11,SER,OG,seg_,141,ASP,OD2,0.01904761904761905
seg_,11,SER,OG,seg_,142,PHE,N,0.01904761904761905
seg_,11,SER,OG,seg_,144,SER,OG,0.05714285714285715
seg_,12,GLN,N,seg_,12,GLN,OE1,0.0380952380952381
seg_,12,GLN,NE2,seg_,12,GLN,O,0.0761904761904762
seg_,12,GLN,O,seg_,13,ASN,ND2,0.1142857142857143
seg_,12,GLN,OE1,seg_,13,ASN,N,0.20952380952380953
seg_,12,GLN,OE1,seg_,13,ASN,ND2,0.0380952380952381
seg_,12,GLN,O,seg_,137,ARG,NH1,0.0380952380952381
seg_,12,GLN,OE1,seg_,137,ARG,NH1,0.13333333333333333
seg_,12,GLN,N,seg_,138,ILE,O,0.01904761904761905
seg_,12,GLN,NE2,seg_,138,ILE,O,18.17142857142857
seg_,12,GLN,NE2,seg_,139,MET,O,0.4761904761904762
seg_,12,GLN,N,seg_,140,GLN,O,0.0761904761904762
seg_,12,GLN,NE2,seg_,140,GLN,O,0.0380952380952381
seg_,12,GLN,NE2,seg_,141,ASP,OD1,1.0285714285714285
seg_,12,GLN,NE2,seg_,141,ASP,OD2,0.5333333333333333
seg_,13,ASN,ND2,seg_,13,ASN,O,0.0761904761904762
seg_,13,ASN,OD1,seg_,15,GLY,N,2.3428571428571425
seg_,13,ASN,ND2,seg_,141,ASP,OD1,0.2285714285714286
seg_,13,ASN,ND2,seg_,141,ASP,OD2,0.0380952380952381
seg_,13,ASN,ND2,seg_,142,PHE,O,0.1523809523809524
seg_,13,ASN,ND2,seg_,144,SER,OG,0.01904761904761905
seg_,14,MET,O,seg_,148,PHE,N,75.94285714285715
seg_,16,ILE,N,seg_,144,SER,OG,0.20952380952380953
seg_,16,ILE,O,seg_,144,SER,OG,0.7238095238095238
seg_,16,ILE,N,seg_,146,THR,O,47.94285714285714
seg_,16,ILE,O,seg_,146,THR,N,0.26666666666666666
seg_,16,ILE,O,seg_,146,THR,OG1,1.0666666666666667
seg_,17,GLY,O,seg_,19,ASN,N,0.01904761904761905
seg_,17,GLY,N,seg_,144,SER,OG,15.847619047619046
seg_,17,GLY,O,seg_,144,SER,OG,20.533333333333335
seg_,17,GLY,O,seg_,145,ASP,N,21.714285714285715
seg_,17,GLY,O,seg_,146,THR,N,1.3523809523809522
seg_,17,GLY,O,seg_,146,THR,OG1,1.0285714285714285
seg_,18,LYS,NZ,seg_,19,ASN,O,4.895238095238096
seg_,18,LYS,NZ,seg_,19,ASN,OD1,0.01904761904761905
seg_,18,LYS,O,seg_,19,ASN,ND2,0.0380952380952381
seg_,18,LYS,NZ,seg_,20,GLY,O,0.1523809523809524
seg_,18,LYS,O,seg_,20,GLY,N,0.01904761904761905
seg_,18,LYS,NZ,seg_,21,ASP,O,1.561904761904762
seg_,18,LYS,NZ,seg_,21,ASP,OD1,0.05714285714285715
seg_,18,LYS,NZ,seg_,21,ASP,OD2,0.4
seg_,18,LYS,O,seg_,21,ASP,N,1.7333333333333332
seg_,18,LYS,N,seg_,143,GLU,O,0.2857142857142857
seg_,18,LYS,NZ,seg_,143,GLU,O,0.7428571428571429
seg_,18,LYS,NZ,seg_,143,GLU,OE1,12.838095238095237
seg_,18,LYS,NZ,seg_,143,GLU,OE2,12.780952380952382
seg_,18,LYS,NZ,seg_,145,ASP,OD1,27.314285714285713
seg_,18,LYS,NZ,seg_,145,ASP,OD2,17.523809523809526
seg_,18,LYS,O,seg_,146,THR,OG1,0.20952380952380953
seg_,19,ASN,ND2,seg_,19,ASN,O,0.05714285714285715
seg_,19,ASN,O,seg_,21,ASP,N,0.09523809523809523
seg_,19,ASN,ND2,seg_,55,LYS,O,0.01904761904761905
seg_,19,ASN,O,seg_,55,LYS,NZ,1.5047619047619047
seg_,19,ASN,OD1,seg_,55,LYS,NZ,1.2952380952380953
seg_,19,ASN,OD1,seg_,56,THR,OG1,0.0380952380952381
seg_,19,ASN,ND2,seg_,59,SER,OG,0.19047619047619047
seg_,19,ASN,O,seg_,59,SER,OG,0.0761904761904762
seg_,19,ASN,N,seg_,143,GLU,O,0.2476190476190476
seg_,19,ASN,ND2,seg_,143,GLU,OE2,0.01904761904761905
seg_,19,ASN,N,seg_,145,ASP,OD1,7.904761904761905
seg_,19,ASN,N,seg_,145,ASP,OD2,14.342857142857143
seg_,19,ASN,ND2,seg_,145,ASP,OD1,1.6190476190476188
seg_,19,ASN,ND2,seg_,145,ASP,OD2,2.457142857142857
seg_,19,ASN,ND2,seg_,146,THR,OG1,0.01904761904761905
seg_,19,ASN,OD1,seg_,146,THR,OG1,0.2857142857142857
seg_,20,GLY,N,seg_,59,SER,OG,0.4952380952380952
seg_,20,GLY,O,seg_,59,SER,OG,0.0761904761904762
seg_,20,GLY,N,seg_,145,ASP,OD1,0.2285714285714286
seg_,20,GLY,N,seg_,145,ASP,OD2,0.2285714285714286
seg_,21,ASP,N,seg_,21,ASP,OD1,0.0380952380952381
seg_,21,ASP,N,seg_,21,ASP,OD2,0.0380952380952381
seg_,21,ASP,OD1,seg_,22,LEU,N,0.34285714285714286
seg_,21,ASP,OD2,seg_,22,LEU,N,0.2857142857142857
seg_,21,ASP,OD1,seg_,31,ARG,NH1,0.1142857142857143
seg_,21,ASP,OD1,seg_,31,ARG,NH2,0.01904761904761905
seg_,21,ASP,OD2,seg_,31,ARG,NH2,0.0761904761904762
seg_,21,ASP,OD1,seg_,55,LYS,NZ,1.161904761904762
seg_,21,ASP,OD2,seg_,55,LYS,NZ,1.5809523809523809
seg_,21,ASP,OD1,seg_,59,SER,OG,0.3047619047619048
seg_,21,ASP,OD2,seg_,59,SER,OG,0.4
seg_,22,LEU,O,seg_,24,TRP,N,0.9333333333333335
seg_,24,TRP,NE1,seg_,30,GLU,OE1,0.13333333333333333
seg_,24,TRP,NE1,seg_,30,GLU,OE2,0.17142857142857143
seg_,25,PRO,O,seg_,173,LYS,NZ,0.2476190476190476
seg_,26,PRO,O,seg_,28,ARG,NH1,0.26666666666666666
seg_,26,PRO,O,seg_,173,LYS,NZ,0.3238095238095238
seg_,27,LEU,N,seg_,30,GLU,OE1,0.4380952380952381
seg_,27,LEU,N,seg_,30,GLU,OE2,0.2857142857142857
seg_,27,LEU,O,seg_,30,GLU,N,0.1142857142857143
seg_,27,LEU,O,seg_,31,ARG,N,20.495238095238093
seg_,28,ARG,O,seg_,31,ARG,N,0.01904761904761905
seg_,28,ARG,O,seg_,32,ARG,N,36.971428571428575
seg_,28,ARG,N,seg_,172,GLU,OE1,16.8
seg_,28,ARG,N,seg_,172,GLU,OE2,10.514285714285714
seg_,28,ARG,NE,seg_,172,GLU,OE1,1.4095238095238094
seg_,28,ARG,NE,seg_,172,GLU,OE2,1.2190476190476192
seg_,28,ARG,NH2,seg_,172,GLU,OE1,1.4285714285714286
seg_,28,ARG,NH2,seg_,172,GLU,OE2,0.9714285714285713
seg_,29,ASN,N,seg_,29,ASN,OD1,0.01904761904761905
seg_,29,ASN,ND2,seg_,29,ASN,O,0.17142857142857143
seg_,29,ASN,OD1,seg_,32,ARG,NE,0.05714285714285715
seg_,29,ASN,OD1,seg_,32,ARG,NH1,0.9333333333333335
seg_,29,ASN,OD1,seg_,32,ARG,NH2,0.6285714285714286
seg_,29,ASN,O,seg_,33,TYR,N,56.8952380952381
seg_,29,ASN,ND2,seg_,170,GLN,OE1,3.733333333333334
seg_,29,ASN,N,seg_,172,GLU,OE1,8.971428571428572
seg_,29,ASN,N,seg_,172,GLU,OE2,13.37142857142857
seg_,29,ASN,ND2,seg_,172,GLU,OE1,5.733333333333333
seg_,29,ASN,ND2,seg_,172,GLU,OE2,7.828571428571429
seg_,29,ASN,ND2,seg_,177,TYR,OH,4.780952380952381
seg_,29,ASN,OD1,seg_,177,TYR,OH,3.5999999999999996
seg_,30,GLU,OE1,seg_,31,ARG,NH2,0.819047619047619
seg_,30,GLU,OE2,seg_,31,ARG,NH2,0.6476190476190476
seg_,30,GLU,O,seg_,34,PHE,N,76.3047619047619
seg_,30,GLU,OE1,seg_,136,THR,OG1,17.923809523809524
seg_,30,GLU,OE2,seg_,136,THR,OG1,17.885714285714286
seg_,30,GLU,N,seg_,177,TYR,OH,1.2380952380952381
seg_,30,GLU,OE2,seg_,177,TYR,OH,0.0380952380952381
seg_,31,ARG,O,seg_,35,GLU,N,43.028571428571425
seg_,32,ARG,NE,seg_,35,GLU,OE1,19.21904761904762
seg_,32,ARG,NE,seg_,35,GLU,OE2,19.066666666666666
seg_,32,ARG,NH1,seg_,35,GLU,OE1,21.542857142857144
seg_,32,ARG,NH1,seg_,35,GLU,OE2,20.83809523809524
seg_,32,ARG,NH2,seg_,35,GLU,OE1,1.3333333333333335
seg_,32,ARG,NH2,seg_,35,GLU,OE2,1.4666666666666666
seg_,32,ARG,O,seg_,36,ARG,N,59.69523809523809
seg_,32,ARG,O,seg_,36,ARG,NH2,0.01904761904761905
seg_,33,TYR,O,seg_,37,MET,N,69.80952380952381
seg_,33,TYR,OH,seg_,135,VAL,O,0.0380952380952381
seg_,33,TYR,OH,seg_,136,THR,OG1,0.3619047619047619
seg_,34,PHE,O,seg_,38,THR,N,52.780952380952385
seg_,34,PHE,O,seg_,38,THR,OG1,91.16190476190476
seg_,35,GLU,OE1,seg_,36,ARG,NE,0.17142857142857143
seg_,35,GLU,OE1,seg_,36,ARG,NH1,0.13333333333333333
seg_,35,GLU,OE2,seg_,36,ARG,NE,0.2285714285714286
seg_,35,GLU,OE2,seg_,36,ARG,NH1,0.17142857142857143
seg_,35,GLU,OE2,seg_,36,ARG,NH2,0.2476190476190476
seg_,35,GLU,O,seg_,39,THR,N,10.495238095238095
seg_,35,GLU,O,seg_,39,THR,OG1,68.07619047619048
seg_,35,GLU,OE1,seg_,68,LYS,NZ,26.114285714285714
seg_,35,GLU,OE2,seg_,68,LYS,NZ,13.257142857142856
seg_,35,GLU,OE1,seg_,70,ARG,NH1,0.4380952380952381
seg_,35,GLU,OE1,seg_,70,ARG,NH2,7.352380952380952
seg_,35,GLU,OE2,seg_,70,ARG,NH1,14.704761904761904
seg_,35,GLU,OE2,seg_,70,ARG,NH2,2.7047619047619045
seg_,36,ARG,NE,seg_,36,ARG,O,0.4380952380952381
seg_,36,ARG,NH2,seg_,36,ARG,O,5.980952380952381
seg_,36,ARG,NH1,seg_,39,THR,O,0.3238095238095238
seg_,36,ARG,NH1,seg_,39,THR,OG1,0.01904761904761905
seg_,36,ARG,O,seg_,39,THR,N,0.26666666666666666
seg_,36,ARG,NH1,seg_,40,THR,OG1,0.0380952380952381
seg_,36,ARG,NH2,seg_,40,THR,OG1,0.19047619047619047
seg_,36,ARG,O,seg_,40,THR,N,1.9238095238095239
seg_,36,ARG,O,seg_,40,THR,OG1,13.085714285714287
seg_,36,ARG,NH2,seg_,41,SER,OG,0.05714285714285715
seg_,36,ARG,NH1,seg_,163,PRO,O,0.41904761904761906
seg_,36,ARG,NH2,seg_,163,PRO,O,0.0380952380952381
seg_,36,ARG,NE,seg_,164,GLY,O,0.819047619047619
seg_,36,ARG,NH1,seg_,164,GLY,O,0.5714285714285714
seg_,36,ARG,NH2,seg_,164,GLY,O,1.1238095238095238
seg_,37,MET,O,seg_,40,THR,N,0.9714285714285713
seg_,37,MET,O,seg_,40,THR,OG1,16.114285714285714
seg_,37,MET,O,seg_,113,TRP,NE1,0.01904761904761905
seg_,38,THR,O,seg_,48,ASN,ND2,27.65714285714286
seg_,38,THR,OG1,seg_,70,ARG,NH1,42.41904761904762
seg_,39,THR,O,seg_,40,THR,OG1,0.26666666666666666
seg_,39,THR,O,seg_,42,SER,OG,0.4
seg_,39,THR,OG1,seg_,69,GLY,O,0.05714285714285715
seg_,40,THR,O,seg_,41,SER,OG,0.01904761904761905
seg_,40,THR,O,seg_,42,SER,OG,0.09523809523809523
seg_,40,THR,OG1,seg_,42,SER,N,4.81904761904762
seg_,40,THR,OG1,seg_,42,SER,O,2.1523809523809523
seg_,40,THR,OG1,seg_,42,SER,OG,2.9523809523809526
seg_,40,THR,OG1,seg_,42,SER,OG,0.05714285714285715
seg_,40,THR,OG1,seg_,46,LYS,O,2.876190476190476
seg_,40,THR,N,seg_,48,ASN,OD1,0.13333333333333333
seg_,40,THR,O,seg_,48,ASN,ND2,28.38095238095238
seg_,40,THR,OG1,seg_,48,ASN,N,0.0380952380952381
seg_,40,THR,OG1,seg_,48,ASN,ND2,0.1142857142857143
seg_,40,THR,OG1,seg_,48,ASN,OD1,0.0380952380952381
seg_,40,THR,N,seg_,69,GLY,O,0.0761904761904762
seg_,40,THR,OG1,seg_,69,GLY,O,0.01904761904761905
seg_,40,THR,OG1,seg_,110,ASP,OD1,5.504761904761905
seg_,40,THR,OG1,seg_,110,ASP,OD2,14.78095238095238
seg_,40,THR,OG1,seg_,162,TYR,OH,0.0761904761904762
seg_,40,THR,OG1,seg_,162,TYR,OH,0.0761904761904762
seg_,41,SER,OG,seg_,41,SER,O,0.01904761904761905
seg_,41,SER,O,seg_,42,SER,OG,0.1523809523809524
seg_,41,SER,O,seg_,43,VAL,N,0.01904761904761905
seg_,41,SER,OG,seg_,43,VAL,N,0.1523809523809524
seg_,41,SER,OG,seg_,43,VAL,O,3.314285714285714
seg_,41,SER,OG,seg_,46,LYS,NZ,0.09523809523809523
seg_,41,SER,OG,seg_,46,LYS,O,2.9523809523809526
seg_,41,SER,OG,seg_,47,GLN,NE2,0.09523809523809523
seg_,41,SER,OG,seg_,47,GLN,OE1,0.0380952380952381
seg_,41,SER,OG,seg_,48,ASN,OD1,3.4666666666666663
seg_,41,SER,OG,seg_,110,ASP,OD1,0.13333333333333333
seg_,41,SER,OG,seg_,110,ASP,OD2,3.5428571428571427
seg_,42,SER,OG,seg_,43,VAL,O,0.4
seg_,42,SER,OG,seg_,44,GLU,N,0.4761904761904762
seg_,42,SER,OG,seg_,44,GLU,O,0.5714285714285714
seg_,42,SER,OG,seg_,44,GLU,OE1,0.0761904761904762
seg_,42,SER,OG,seg_,44,GLU,OE2,0.0380952380952381
seg_,42,SER,O,seg_,45,GLY,N,0.780952380952381
seg_,42,SER,N,seg_,46,LYS,O,0.3047619047619048
seg_,42,SER,O,seg_,46,LYS,N,0.6476190476190476
seg_,42,SER,OG,seg_,46,LYS,N,0.0380952380952381
seg_,42,SER,OG,seg_,46,LYS,NZ,0.2285714285714286
seg_,42,SER,OG,seg_,46,LYS,O,0.20952380952380953
seg_,42,SER,O,seg_,47,GLN,NE2,1.6190476190476188
seg_,42,SER,N,seg_,110,ASP,OD1,7.066666666666667
seg_,42,SER,N,seg_,110,ASP,OD2,3.5999999999999996
seg_,42,SER,OG,seg_,110,ASP,OD1,18.8
seg_,42,SER,OG,seg_,110,ASP,OD2,17.00952380952381
seg_,43,VAL,O,seg_,45,GLY,N,0.01904761904761905
seg_,43,VAL,O,seg_,46,LYS,N,1.2
seg_,43,VAL,O,seg_,46,LYS,NZ,9.657142857142857
seg_,43,VAL,O,seg_,47,GLN,NE2,0.01904761904761905
seg_,43,VAL,N,seg_,110,ASP,OD1,0.819047619047619
seg_,43,VAL,N,seg_,110,ASP,OD2,0.5142857142857142
seg_,44,GLU,N,seg_,44,GLU,OE1,0.3238095238095238
seg_,44,GLU,N,seg_,44,GLU,OE2,0.2476190476190476
seg_,44,GLU,OE1,seg_,45,GLY,N,0.2285714285714286
seg_,44,GLU,OE2,seg_,45,GLY,N,0.38095238095238093
seg_,44,GLU,O,seg_,46,LYS,N,0.05714285714285715
seg_,44,GLU,O,seg_,46,LYS,NZ,0.09523809523809523
seg_,44,GLU,OE1,seg_,46,LYS,NZ,0.7619047619047619
seg_,44,GLU,OE2,seg_,46,LYS,NZ,0.7428571428571429
seg_,44,GLU,O,seg_,47,GLN,NE2,0.05714285714285715
seg_,44,GLU,OE1,seg_,47,GLN,NE2,0.01904761904761905
seg_,44,GLU,OE2,seg_,47,GLN,NE2,0.01904761904761905
seg_,44,GLU,O,seg_,108,LYS,NZ,0.4761904761904762
seg_,44,GLU,OE1,seg_,108,LYS,NZ,0.0380952380952381
seg_,44,GLU,OE2,seg_,108,LYS,NZ,0.1523809523809524
seg_,45,GLY,N,seg_,47,GLN,OE1,0.4761904761904762
seg_,45,GLY,O,seg_,47,GLN,NE2,5.6000000000000005
seg_,45,GLY,O,seg_,108,LYS,NZ,2.2476190476190476
seg_,46,LYS,O,seg_,47,GLN,NE2,6.380952380952381
seg_,46,LYS,NZ,seg_,106,ALA,O,0.9714285714285713
seg_,46,LYS,NZ,seg_,107,ASN,O,8.914285714285715
seg_,46,LYS,NZ,seg_,107,ASN,OD1,0.0761904761904762
seg_,46,LYS,NZ,seg_,109,VAL,O,1.638095238095238
seg_,46,LYS,NZ,seg_,110,ASP,OD1,17.733333333333334
seg_,46,LYS,NZ,seg_,110,ASP,OD2,15.142857142857144
seg_,47,GLN,OE1,seg_,48,ASN,N,0.13333333333333333
seg_,47,GLN,NE2,seg_,69,GLY,O,1.7714285714285714
seg_,47,GLN,N,seg_,108,LYS,O,66.47619047619048
seg_,47,GLN,NE2,seg_,108,LYS,O,0.0761904761904762
seg_,47,GLN,OE1,seg_,108,LYS,NZ,0.5142857142857142
seg_,47,GLN,O,seg_,110,ASP,N,39.44761904761905
seg_,47,GLN,O,seg_,111,MET,N,0.01904761904761905
seg_,48,ASN,N,seg_,69,GLY,O,0.01904761904761905
seg_,48,ASN,O,seg_,71,ILE,N,73.1047619047619
seg_,48,ASN,ND2,seg_,111,MET,O,0.01904761904761905
seg_,48,ASN,OD1,seg_,111,MET,N,11.542857142857143
seg_,48,ASN,OD1,seg_,113,TRP,NE1,8.152380952380952
seg_,49,LEU,N,seg_,111,MET,O,54.628571428571426
seg_,49,LEU,O,seg_,113,TRP,N,87.75238095238095
seg_,50,VAL,N,seg_,71,ILE,O,86.36190476190477
seg_,50,VAL,O,seg_,73,LEU,N,61.44761904761905
seg_,51,ILE,N,seg_,113,TRP,O,85.42857142857143
seg_,51,ILE,O,seg_,115,VAL,N,25.257142857142856
seg_,51,ILE,O,seg_,116,GLY,N,0.01904761904761905
seg_,52,MET,N,seg_,73,LEU,O,29.714285714285715
seg_,52,MET,O,seg_,75,LEU,N,77.27619047619048
seg_,53,GLY,N,seg_,56,THR,OG1,0.09523809523809523
seg_,53,GLY,O,seg_,56,THR,N,0.01904761904761905
seg_,53,GLY,O,seg_,56,THR,OG1,0.09523809523809523
seg_,53,GLY,O,seg_,57,TRP,N,40.32380952380952
seg_,53,GLY,N,seg_,116,GLY,O,56.266666666666666
seg_,54,LYS,O,seg_,58,PHE,N,17.961904761904762
seg_,54,LYS,N,seg_,75,LEU,O,0.17142857142857143
seg_,54,LYS,NZ,seg_,78,GLU,O,0.05714285714285715
seg_,54,LYS,NZ,seg_,78,GLU,OE1,31.82857142857143
seg_,54,LYS,NZ,seg_,78,GLU,OE2,33.25714285714286
seg_,55,LYS,O,seg_,58,PHE,N,0.0380952380952381
seg_,55,LYS,NZ,seg_,59,SER,OG,2.057142857142857
seg_,55,LYS,O,seg_,59,SER,N,4.0
seg_,55,LYS,O,seg_,59,SER,OG,65.2
seg_,56,THR,O,seg_,59,SER,N,7.561904761904762
seg_,56,THR,O,seg_,59,SER,OG,0.4952380952380952
seg_,56,THR,O,seg_,60,ILE,N,1.0857142857142856
seg_,56,THR,OG1,seg_,116,GLY,O,1.4095238095238094
seg_,56,THR,OG1,seg_,117,GLY,N,0.4
seg_,57,TRP,O,seg_,60,ILE,N,2.2857142857142856
seg_,57,TRP,O,seg_,65,ARG,NH1,0.3619047619047619
seg_,57,TRP,NE1,seg_,83,PRO,O,0.01904761904761905
seg_,57,TRP,NE1,seg_,84,GLN,O,0.6095238095238096
seg_,59,SER,OG,seg_,59,SER,O,0.05714285714285715
seg_,60,ILE,O,seg_,65,ARG,NH1,55.714285714285715
seg_,61,PRO,O,seg_,64,ASN,N,26.323809523809523
seg_,61,PRO,O,seg_,65,ARG,N,2.2095238095238097
seg_,62,GLU,N,seg_,62,GLU,OE1,2.419047619047619
seg_,62,GLU,N,seg_,62,GLU,OE2,2.4380952380952383
seg_,62,GLU,OE1,seg_,63,LYS,N,0.01904761904761905
seg_,62,GLU,OE1,seg_,63,LYS,NZ,3.1809523809523808
seg_,62,GLU,OE2,seg_,63,LYS,NZ,2.666666666666667
seg_,62,GLU,O,seg_,65,ARG,N,0.2285714285714286
seg_,62,GLU,OE1,seg_,65,ARG,NH1,0.9904761904761904
seg_,62,GLU,OE1,seg_,65,ARG,NH2,0.4761904761904762
seg_,62,GLU,OE2,seg_,65,ARG,NH1,0.7238095238095238
seg_,62,GLU,OE2,seg_,65,ARG,NH2,0.4571428571428572
seg_,63,LYS,NZ,seg_,63,LYS,O,0.01904761904761905
seg_,63,LYS,NZ,seg_,64,ASN,OD1,1.866666666666667
seg_,63,LYS,O,seg_,64,ASN,ND2,0.1523809523809524
seg_,63,LYS,O,seg_,68,LYS,NZ,0.1142857142857143
seg_,64,ASN,ND2,seg_,64,ASN,O,0.01904761904761905
seg_,64,ASN,OD1,seg_,68,LYS,NZ,0.01904761904761905
seg_,65,ARG,NE,seg_,84,GLN,OE1,0.01904761904761905
seg_,65,ARG,NH2,seg_,84,GLN,O,0.0761904761904762
seg_,65,ARG,NH2,seg_,84,GLN,OE1,0.0380952380952381
seg_,66,PRO,O,seg_,68,LYS,NZ,1.866666666666667
seg_,67,LEU,O,seg_,70,ARG,N,0.19047619047619047
seg_,67,LEU,N,seg_,72,ASN,OD1,54.666666666666664
seg_,67,LEU,O,seg_,72,ASN,ND2,5.523809523809524
seg_,68,LYS,O,seg_,70,ARG,N,0.05714285714285715
seg_,68,LYS,O,seg_,70,ARG,NE,54.304761904761904
seg_,68,LYS,O,seg_,70,ARG,NH2,37.58095238095238
seg_,70,ARG,O,seg_,72,ASN,ND2,0.0761904761904762
seg_,71,ILE,O,seg_,72,ASN,ND2,2.571428571428571
seg_,72,ASN,ND2,seg_,72,ASN,O,0.01904761904761905
seg_,72,ASN,O,seg_,87,HSD,N,0.4
seg_,74,VAL,N,seg_,88,PHE,O,26.93333333333333
seg_,74,VAL,O,seg_,90,SER,N,20.914285714285715
seg_,74,VAL,O,seg_,90,SER,OG,0.01904761904761905
seg_,76,SER,OG,seg_,78,GLU,N,10.704761904761904
seg_,76,SER,OG,seg_,78,GLU,OE1,2.1333333333333333
seg_,76,SER,OG,seg_,78,GLU,OE2,1.7714285714285714
seg_,76,SER,OG,seg_,79,LEU,N,11.39047619047619
seg_,76,SER,N,seg_,90,SER,O,46.304761904761904
seg_,76,SER,O,seg_,91,ARG,NE,0.01904761904761905
seg_,76,SER,O,seg_,91,ARG,NH2,4.190476190476191
seg_,77,ARG,NE,seg_,77,ARG,O,0.19047619047619047
seg_,77,ARG,NH2,seg_,77,ARG,O,0.3238095238095238
seg_,77,ARG,N,seg_,78,GLU,OE1,0.5142857142857142
seg_,77,ARG,N,seg_,78,GLU,OE2,0.3619047619047619
seg_,77,ARG,NE,seg_,78,GLU,OE1,0.01904761904761905
seg_,77,ARG,NH2,seg_,78,GLU,OE1,0.01904761904761905
seg_,77,ARG,NH2,seg_,78,GLU,OE2,0.01904761904761905
seg_,77,ARG,O,seg_,80,LYS,NZ,3.9047619047619047
seg_,77,ARG,NE,seg_,91,ARG,O,3.2952380952380955
seg_,77,ARG,NH1,seg_,91,ARG,O,0.41904761904761906
seg_,77,ARG,NH2,seg_,91,ARG,O,3.257142857142857
seg_,77,ARG,O,seg_,91,ARG,NH1,0.1142857142857143
seg_,77,ARG,O,seg_,91,ARG,NH2,0.05714285714285715
seg_,77,ARG,NH1,seg_,92,SER,OG,0.2285714285714286
seg_,77,ARG,NH2,seg_,92,SER,OG,0.01904761904761905
seg_,77,ARG,NH1,seg_,119,SER,OG,0.13333333333333333
seg_,77,ARG,NH2,seg_,119,SER,OG,0.05714285714285715
seg_,77,ARG,NE,seg_,123,GLU,OE1,0.01904761904761905
seg_,77,ARG,NE,seg_,123,GLU,OE2,0.1523809523809524
seg_,77,ARG,NH1,seg_,123,GLU,OE1,3.580952380952381
seg_,77,ARG,NH1,seg_,123,GLU,OE2,3.9619047619047616
seg_,77,ARG,NH2,seg_,123,GLU,OE1,2.057142857142857
seg_,77,ARG,NH2,seg_,123,GLU,OE2,1.4857142857142858
seg_,78,GLU,N,seg_,78,GLU,OE1,1.0666666666666667
seg_,78,GLU,N,seg_,78,GLU,OE2,0.819047619047619
seg_,78,GLU,O,seg_,80,LYS,NZ,2.6476190476190475
seg_,79,LEU,O,seg_,80,LYS,NZ,0.0380952380952381
seg_,79,LEU,O,seg_,91,ARG,NE,0.09523809523809523
seg_,79,LEU,O,seg_,91,ARG,NH1,1.2952380952380953
seg_,79,LEU,O,seg_,91,ARG,NH2,5.752380952380952
seg_,80,LYS,NZ,seg_,81,GLU,OE1,3.0476190476190474
seg_,80,LYS,NZ,seg_,81,GLU,OE2,3.123809523809524
seg_,80,LYS,O,seg_,91,ARG,NH1,0.26666666666666666
seg_,81,GLU,OE1,seg_,84,GLN,NE2,0.01904761904761905
seg_,83,PRO,O,seg_,85,GLY,N,0.01904761904761905
seg_,83,PRO,O,seg_,86,ALA,N,27.80952380952381
seg_,84,GLN,N,seg_,84,GLN,OE1,0.5523809523809524
seg_,84,GLN,NE2,seg_,84,GLN,O,0.01904761904761905
seg_,84,GLN,OE1,seg_,85,GLY,N,0.01904761904761905
seg_,84,GLN,O,seg_,86,ALA,N,0.01904761904761905
seg_,86,ALA,O,seg_,87,HSD,ND1,0.0380952380952381
seg_,87,HSD,ND1,seg_,87,HSD,O,0.05714285714285715
seg_,89,LEU,O,seg_,90,SER,OG,5.638095238095238
seg_,89,LEU,O,seg_,91,ARG,NH2,0.01904761904761905
seg_,90,SER,OG,seg_,92,SER,N,0.19047619047619047
seg_,90,SER,OG,seg_,92,SER,O,1.657142857142857
seg_,90,SER,OG,seg_,95,ASP,OD1,0.819047619047619
seg_,90,SER,OG,seg_,95,ASP,OD2,0.819047619047619
seg_,91,ARG,O,seg_,92,SER,OG,0.01904761904761905
seg_,91,ARG,N,seg_,95,ASP,OD1,4.3999999999999995
seg_,91,ARG,N,seg_,95,ASP,OD2,3.942857142857143
seg_,91,ARG,NE,seg_,95,ASP,OD1,18.952380952380953
seg_,91,ARG,NE,seg_,95,ASP,OD2,13.333333333333334
seg_,91,ARG,NH1,seg_,95,ASP,OD1,7.5809523809523816
seg_,91,ARG,NH1,seg_,95,ASP,OD2,10.285714285714285
seg_,91,ARG,NH2,seg_,95,ASP,OD1,3.0095238095238095
seg_,91,ARG,NH2,seg_,95,ASP,OD2,2.2095238095238097
seg_,92,SER,OG,seg_,94,ASP,N,0.38095238095238093
seg_,92,SER,OG,seg_,94,ASP,OD1,4.3428571428571425
seg_,92,SER,OG,seg_,94,ASP,OD2,4.838095238095238
seg_,92,SER,N,seg_,95,ASP,OD1,0.1523809523809524
seg_,92,SER,N,seg_,95,ASP,OD2,0.0380952380952381
seg_,92,SER,O,seg_,95,ASP,N,0.01904761904761905
seg_,92,SER,OG,seg_,95,ASP,N,5.79047619047619
seg_,92,SER,OG,seg_,95,ASP,OD1,15.219047619047618
seg_,92,SER,OG,seg_,95,ASP,OD2,10.19047619047619
seg_,92,SER,O,seg_,96,ALA,N,42.13333333333333
seg_,92,SER,OG,seg_,123,GLU,OE1,9.904761904761905
seg_,92,SER,OG,seg_,123,GLU,OE2,10.704761904761904
seg_,93,LEU,O,seg_,97,LEU,N,61.904761904761905
seg_,93,LEU,N,seg_,123,GLU,OE1,20.8
seg_,93,LEU,N,seg_,123,GLU,OE2,22.247619047619047
seg_,94,ASP,N,seg_,94,ASP,OD1,0.0380952380952381
seg_,94,ASP,OD1,seg_,95,ASP,N,0.09523809523809523
seg_,94,ASP,OD2,seg_,95,ASP,N,0.01904761904761905
seg_,94,ASP,O,seg_,98,LYS,N,30.152380952380952
seg_,94,ASP,O,seg_,98,LYS,NZ,0.26666666666666666
seg_,94,ASP,OD1,seg_,98,LYS,NZ,2.571428571428571
seg_,94,ASP,OD2,seg_,98,LYS,NZ,2.761904761904762
seg_,94,ASP,N,seg_,123,GLU,OE1,0.01904761904761905
seg_,94,ASP,N,seg_,123,GLU,OE2,0.05714285714285715
seg_,94,ASP,OD1,seg_,127,HSD,ND1,0.0761904761904762
seg_,95,ASP,O,seg_,98,LYS,N,0.01904761904761905
seg_,95,ASP,OD1,seg_,98,LYS,NZ,1.161904761904762
seg_,95,ASP,OD2,seg_,98,LYS,NZ,1.561904761904762
seg_,95,ASP,O,seg_,99,LEU,N,47.10476190476191
seg_,96,ALA,O,seg_,99,LEU,N,0.05714285714285715
seg_,96,ALA,O,seg_,100,THR,N,20.247619047619047
seg_,96,ALA,O,seg_,100,THR,OG1,52.20952380952381
seg_,97,LEU,O,seg_,100,THR,N,1.0666666666666667
seg_,97,LEU,O,seg_,100,THR,OG1,13.257142857142856
seg_,97,LEU,O,seg_,101,GLU,N,2.685714285714286
seg_,98,LYS,NZ,seg_,101,GLU,OE1,19.02857142857143
seg_,98,LYS,NZ,seg_,101,GLU,OE2,19.733333333333334
seg_,98,LYS,O,seg_,101,GLU,N,5.752380952380952
seg_,98,LYS,NZ,seg_,102,GLN,OE1,0.19047619047619047
seg_,98,LYS,O,seg_,102,GLN,N,0.41904761904761906
seg_,98,LYS,O,seg_,102,GLN,NE2,20.704761904761902
seg_,99,LEU,O,seg_,102,GLN,N,10.114285714285714
seg_,99,LEU,O,seg_,102,GLN,NE2,3.4857142857142858
seg_,100,THR,OG1,seg_,100,THR,O,0.8761904761904762
seg_,100,THR,OG1,seg_,101,GLU,OE1,0.01904761904761905
seg_,100,THR,O,seg_,102,GLN,N,0.01904761904761905
seg_,100,THR,OG1,seg_,105,LEU,O,0.0380952380952381
seg_,101,GLU,O,seg_,102,GLN,NE2,0.01904761904761905
seg_,101,GLU,OE1,seg_,102,GLN,NE2,0.0380952380952381
seg_,102,GLN,NE2,seg_,104,GLU,OE1,0.05714285714285715
seg_,102,GLN,NE2,seg_,104,GLU,OE2,0.05714285714285715
seg_,102,GLN,OE1,seg_,104,GLU,N,0.5523809523809524
seg_,102,GLN,O,seg_,105,LEU,N,11.523809523809524
seg_,102,GLN,OE1,seg_,105,LEU,N,0.38095238095238093
seg_,102,GLN,O,seg_,106,ALA,N,42.91428571428572
seg_,103,PRO,O,seg_,106,ALA,N,0.13333333333333333
seg_,103,PRO,O,seg_,107,ASN,N,9.866666666666667
seg_,103,PRO,O,seg_,107,ASN,ND2,1.7904761904761906
seg_,104,GLU,N,seg_,104,GLU,OE1,0.19047619047619047
seg_,104,GLU,N,seg_,104,GLU,OE2,0.2857142857142857
seg_,104,GLU,O,seg_,107,ASN,N,0.0761904761904762
seg_,104,GLU,O,seg_,107,ASN,ND2,0.0380952380952381
seg_,104,GLU,O,seg_,108,LYS,N,3.371428571428572
seg_,104,GLU,O,seg_,108,LYS,NZ,3.276190476190476
seg_,104,GLU,OE1,seg_,108,LYS,NZ,1.4095238095238094
seg_,104,GLU,OE2,seg_,108,LYS,NZ,1.8476190476190475
seg_,105,LEU,O,seg_,108,LYS,N,12.857142857142856
seg_,105,LEU,O,seg_,109,VAL,N,27.904761904761905
seg_,106,ALA,O,seg_,109,VAL,N,0.3047619047619048
seg_,107,ASN,ND2,seg_,107,ASN,O,0.01904761904761905
seg_,107,ASN,OD1,seg_,108,LYS,N,0.01904761904761905
seg_,107,ASN,OD1,seg_,108,LYS,NZ,1.3523809523809522
seg_,115,VAL,O,seg_,121,TYR,OH,2.4
seg_,117,GLY,O,seg_,120,VAL,N,1.3142857142857143
seg_,117,GLY,O,seg_,121,TYR,N,43.82857142857143
seg_,118,SER,O,seg_,122,LYS,N,40.49523809523809
seg_,118,SER,O,seg_,122,LYS,NZ,0.3047619047619048
seg_,118,SER,OG,seg_,122,LYS,NZ,0.1523809523809524
seg_,118,SER,OG,seg_,146,THR,OG1,20.83809523809524
seg_,118,SER,OG,seg_,146,THR,OG1,2.323809523809524
seg_,118,SER,OG,seg_,147,PHE,O,1.2761904761904763
seg_,119,SER,O,seg_,122,LYS,NZ,0.0380952380952381
seg_,119,SER,O,seg_,123,GLU,N,13.542857142857143
seg_,119,SER,OG,seg_,123,GLU,OE2,0.01904761904761905
seg_,120,VAL,O,seg_,123,GLU,N,0.0380952380952381
seg_,120,VAL,O,seg_,124,ALA,N,41.542857142857144
seg_,121,TYR,O,seg_,125,MET,N,50.114285714285714
seg_,122,LYS,NZ,seg_,123,GLU,OE1,1.5047619047619047
seg_,122,LYS,NZ,seg_,123,GLU,OE2,1.7523809523809524
seg_,122,LYS,NZ,seg_,126,ASN,OD1,0.9142857142857144
seg_,122,LYS,O,seg_,126,ASN,N,17.35238095238095
seg_,122,LYS,O,seg_,126,ASN,ND2,8.152380952380952
seg_,122,LYS,NZ,seg_,147,PHE,O,0.0380952380952381
seg_,122,LYS,NZ,seg_,150,GLU,OE1,0.01904761904761905
seg_,123,GLU,O,seg_,126,ASN,N,0.2476190476190476
seg_,123,GLU,OE1,seg_,126,ASN,ND2,0.0761904761904762
seg_,123,GLU,OE2,seg_,126,ASN,ND2,0.13333333333333333
seg_,123,GLU,O,seg_,127,HSD,N,2.2476190476190476
seg_,123,GLU,O,seg_,127,HSD,ND1,0.01904761904761905
seg_,124,ALA,O,seg_,127,HSD,N,4.628571428571428
seg_,125,MET,O,seg_,126,ASN,ND2,0.05714285714285715
seg_,125,MET,O,seg_,156,TYR,OH,0.01904761904761905
seg_,125,MET,O,seg_,184,LYS,NZ,0.0380952380952381
seg_,126,ASN,ND2,seg_,126,ASN,O,0.01904761904761905
seg_,127,HSD,NE2,seg_,129,GLY,N,0.0380952380952381
seg_,127,HSD,O,seg_,129,GLY,N,0.01904761904761905
seg_,127,HSD,O,seg_,184,LYS,NZ,0.17142857142857143
seg_,128,PRO,O,seg_,184,LYS,NZ,1.9428571428571426
seg_,129,GLY,O,seg_,184,LYS,NZ,48.952380952380956
seg_,130,HSD,ND1,seg_,131,LEU,N,0.0380952380952381
seg_,130,HSD,NE2,seg_,132,LYS,NZ,43.82857142857143
seg_,130,HSD,ND1,seg_,184,LYS,O,0.4952380952380952
seg_,130,HSD,ND1,seg_,186,ASP,OD1,1.0285714285714285
seg_,130,HSD,ND1,seg_,186,ASP,OD2,0.9142857142857144
seg_,131,LEU,O,seg_,184,LYS,N,40.51428571428571
seg_,132,LYS,NZ,seg_,162,TYR,OH,1.0285714285714285
seg_,132,LYS,NZ,seg_,183,GLU,OE1,28.304761904761904
seg_,132,LYS,NZ,seg_,183,GLU,OE2,29.35238095238095
seg_,133,LEU,N,seg_,182,TYR,O,84.55238095238096
seg_,133,LEU,O,seg_,182,TYR,N,87.98095238095239
seg_,135,VAL,N,seg_,180,GLU,O,78.8
seg_,135,VAL,O,seg_,180,GLU,N,77.12380952380953
seg_,137,ARG,N,seg_,178,LYS,O,76.57142857142857
seg_,137,ARG,O,seg_,178,LYS,N,29.828571428571426
seg_,137,ARG,NE,seg_,180,GLU,OE1,34.66666666666667
seg_,137,ARG,NE,seg_,180,GLU,OE2,34.85714285714286
seg_,137,ARG,NH2,seg_,180,GLU,OE1,18.38095238095238
seg_,137,ARG,NH2,seg_,180,GLU,OE2,18.97142857142857
seg_,137,ARG,NH2,seg_,182,TYR,OH,7.085714285714285
seg_,138,ILE,O,seg_,140,GLN,N,0.05714285714285715
seg_,139,MET,O,seg_,140,GLN,NE2,0.0761904761904762
seg_,139,MET,N,seg_,176,LYS,O,44.24761904761905
seg_,140,GLN,N,seg_,140,GLN,OE1,0.3619047619047619
seg_,140,GLN,NE2,seg_,141,ASP,O,0.5142857142857142
seg_,140,GLN,OE1,seg_,141,ASP,N,0.6285714285714286
seg_,140,GLN,O,seg_,142,PHE,N,0.01904761904761905
seg_,140,GLN,NE2,seg_,174,GLY,O,0.34285714285714286
seg_,140,GLN,NE2,seg_,176,LYS,O,0.0380952380952381
seg_,140,GLN,OE1,seg_,176,LYS,N,47.80952380952381
seg_,140,GLN,OE1,seg_,176,LYS,NZ,0.6095238095238096
seg_,141,ASP,N,seg_,141,ASP,OD1,0.01904761904761905
seg_,141,ASP,N,seg_,141,ASP,OD2,0.01904761904761905
seg_,141,ASP,OD1,seg_,142,PHE,N,0.5142857142857142
seg_,141,ASP,OD2,seg_,142,PHE,N,0.4
seg_,142,PHE,O,seg_,144,SER,N,0.1142857142857143
seg_,142,PHE,O,seg_,144,SER,OG,0.19047619047619047
seg_,143,GLU,N,seg_,143,GLU,OE1,0.5714285714285714
seg_,143,GLU,N,seg_,143,GLU,OE2,0.8
seg_,143,GLU,O,seg_,144,SER,OG,0.5142857142857142
seg_,143,GLU,OE2,seg_,144,SER,N,0.0380952380952381
seg_,144,SER,OG,seg_,146,THR,N,0.5333333333333333
seg_,144,SER,OG,seg_,146,THR,O,3.8857142857142852
seg_,145,ASP,O,seg_,146,THR,OG1,0.3619047619047619
seg_,145,ASP,OD1,seg_,146,THR,OG1,2.2666666666666666
seg_,145,ASP,OD2,seg_,146,THR,OG1,2.8380952380952382
seg_,148,PHE,O,seg_,150,GLU,N,0.05714285714285715
seg_,149,PRO,O,seg_,151,ILE,N,0.01904761904761905
seg_,150,GLU,N,seg_,150,GLU,OE1,1.8285714285714287
seg_,150,GLU,N,seg_,150,GLU,OE2,1.561904761904762
seg_,150,GLU,OE1,seg_,151,ILE,N,0.05714285714285715
seg_,150,GLU,O,seg_,152,ASP,N,0.1142857142857143
seg_,152,ASP,OD1,seg_,153,LEU,N,0.0761904761904762
seg_,152,ASP,OD1,seg_,154,GLU,N,6.628571428571428
seg_,152,ASP,OD2,seg_,154,GLU,N,7.276190476190476
seg_,152,ASP,O,seg_,155,LYS,N,7.561904761904762
seg_,152,ASP,OD1,seg_,155,LYS,N,0.4761904761904762
seg_,152,ASP,OD1,seg_,155,LYS,NZ,18.704761904761906
seg_,152,ASP,OD2,seg_,155,LYS,N,0.4571428571428572
seg_,152,ASP,OD2,seg_,155,LYS,NZ,14.17142857142857
seg_,152,ASP,O,seg_,156,TYR,N,14.723809523809525
seg_,153,LEU,O,seg_,156,TYR,N,0.0761904761904762
seg_,153,LEU,O,seg_,157,LYS,NZ,1.8476190476190475
seg_,154,GLU,N,seg_,154,GLU,OE1,0.9333333333333335
seg_,154,GLU,N,seg_,154,GLU,OE2,0.9523809523809524
seg_,154,GLU,OE1,seg_,155,LYS,NZ,6.647619047619048
seg_,154,GLU,OE2,seg_,155,LYS,NZ,7.0095238095238095
seg_,154,GLU,O,seg_,157,LYS,NZ,0.1142857142857143
seg_,154,GLU,OE1,seg_,157,LYS,NZ,0.3238095238095238
seg_,154,GLU,OE2,seg_,157,LYS,NZ,0.34285714285714286
seg_,154,GLU,O,seg_,185,ASN,ND2,21.333333333333336
seg_,155,LYS,NZ,seg_,185,ASN,O,0.5142857142857142
seg_,155,LYS,NZ,seg_,185,ASN,OD1,0.0380952380952381
seg_,155,LYS,O,seg_,185,ASN,N,81.46666666666667
seg_,155,LYS,O,seg_,185,ASN,ND2,0.4952380952380952
seg_,155,LYS,NZ,seg_,186,ASP,OD1,1.1428571428571428
seg_,155,LYS,NZ,seg_,186,ASP,OD2,0.3238095238095238
seg_,156,TYR,O,seg_,157,LYS,NZ,0.01904761904761905
seg_,156,TYR,O,seg_,185,ASN,ND2,0.0761904761904762
seg_,157,LYS,NZ,seg_,158,LEU,O,0.4380952380952381
seg_,157,LYS,N,seg_,183,GLU,O,63.02857142857143
seg_,157,LYS,NZ,seg_,183,GLU,O,0.0380952380952381
seg_,157,LYS,NZ,seg_,183,GLU,OE1,15.733333333333333
seg_,157,LYS,NZ,seg_,183,GLU,OE2,14.285714285714285
seg_,157,LYS,O,seg_,183,GLU,N,63.02857142857143
seg_,157,LYS,NZ,seg_,184,LYS,O,0.05714285714285715
seg_,157,LYS,N,seg_,185,ASN,OD1,0.0380952380952381
seg_,157,LYS,NZ,seg_,185,ASN,O,0.01904761904761905
seg_,157,LYS,NZ,seg_,185,ASN,OD1,29.16190476190476
seg_,157,LYS,NZ,seg_,186,ASP,OD1,0.3619047619047619
seg_,157,LYS,NZ,seg_,186,ASP,OD2,0.6285714285714286
seg_,159,LEU,O,seg_,161,GLU,N,0.05714285714285715
seg_,159,LEU,N,seg_,181,VAL,O,72.64761904761905
seg_,159,LEU,O,seg_,181,VAL,N,0.17142857142857143
seg_,160,PRO,O,seg_,167,SER,OG,0.2476190476190476
seg_,161,GLU,N,seg_,161,GLU,OE1,0.2857142857142857
seg_,161,GLU,N,seg_,161,GLU,OE2,0.2476190476190476
seg_,161,GLU,OE1,seg_,167,SER,N,0.0761904761904762
seg_,161,GLU,OE1,seg_,167,SER,OG,2.2666666666666666
seg_,161,GLU,OE2,seg_,167,SER,N,0.01904761904761905
seg_,161,GLU,OE2,seg_,167,SER,OG,1.961904761904762
seg_,161,GLU,OE1,seg_,168,ASP,N,0.01904761904761905
seg_,161,GLU,OE2,seg_,168,ASP,N,0.0380952380952381
seg_,162,TYR,O,seg_,165,VAL,N,6.228571428571429
seg_,162,TYR,OH,seg_,183,GLU,OE1,0.2476190476190476
seg_,162,TYR,OH,seg_,183,GLU,OE2,0.819047619047619
seg_,163,PRO,O,seg_,165,VAL,N,0.13333333333333333
seg_,166,LEU,O,seg_,170,GLN,NE2,0.0380952380952381
seg_,167,SER,OG,seg_,168,ASP,N,0.01904761904761905
seg_,167,SER,OG,seg_,168,ASP,OD1,2.876190476190476
seg_,167,SER,OG,seg_,168,ASP,OD2,2.8380952380952382
seg_,167,SER,O,seg_,170,GLN,NE2,3.3333333333333335
seg_,167,SER,O,seg_,178,LYS,NZ,0.0380952380952381
seg_,168,ASP,OD1,seg_,169,VAL,N,8.838095238095239
seg_,168,ASP,OD2,seg_,169,VAL,N,8.380952380952381
seg_,168,ASP,O,seg_,170,GLN,NE2,22.076190476190476
seg_,168,ASP,OD1,seg_,178,LYS,NZ,0.780952380952381
seg_,168,ASP,OD2,seg_,178,LYS,NZ,0.780952380952381
seg_,168,ASP,O,seg_,179,PHE,N,0.01904761904761905
seg_,169,VAL,O,seg_,170,GLN,NE2,0.4
seg_,170,GLN,OE1,seg_,171,GLU,N,0.09523809523809523
seg_,170,GLN,N,seg_,177,TYR,O,84.05714285714285
seg_,170,GLN,O,seg_,177,TYR,N,58.666666666666664
seg_,170,GLN,OE1,seg_,177,TYR,OH,0.1142857142857143
seg_,171,GLU,O,seg_,174,GLY,N,0.05714285714285715
seg_,171,GLU,OE1,seg_,174,GLY,N,0.19047619047619047
seg_,171,GLU,OE2,seg_,174,GLY,N,0.4
seg_,171,GLU,OE1,seg_,176,LYS,NZ,36.03809523809524
seg_,171,GLU,OE2,seg_,176,LYS,NZ,34.01904761904762
seg_,171,GLU,O,seg_,177,TYR,OH,0.05714285714285715
seg_,172,GLU,OE1,seg_,173,LYS,N,1.4285714285714286
seg_,172,GLU,OE1,seg_,173,LYS,NZ,10.495238095238095
seg_,172,GLU,OE2,seg_,173,LYS,N,1.3904761904761904
seg_,172,GLU,OE2,seg_,173,LYS,NZ,10.495238095238095
seg_,172,GLU,N,seg_,175,ILE,O,37.142857142857146
seg_,172,GLU,O,seg_,175,ILE,N,45.52380952380952
seg_,172,GLU,O,seg_,176,LYS,NZ,0.3619047619047619
seg_,172,GLU,O,seg_,177,TYR,OH,0.01904761904761905
seg_,172,GLU,OE1,seg_,177,TYR,OH,7.6
seg_,172,GLU,OE2,seg_,177,TYR,OH,11.238095238095239
seg_,173,LYS,O,seg_,176,LYS,NZ,0.4
seg_,174,GLY,O,seg_,176,LYS,NZ,0.6285714285714286
seg_,178,LYS,NZ,seg_,179,PHE,O,0.34285714285714286
seg_,178,LYS,NZ,seg_,180,GLU,OE1,13.333333333333334
seg_,178,LYS,NZ,seg_,180,GLU,OE2,12.876190476190477
seg_,180,GLU,OE1,seg_,182,TYR,OH,41.523809523809526
seg_,180,GLU,OE2,seg_,182,TYR,OH,42.78095238095238
seg_,183,GLU,O,seg_,185,ASN,ND2,0.19047619047619047
seg_,183,GLU,OE1,seg_,185,ASN,ND2,0.0761904761904762
seg_,183,GLU,OE2,seg_,185,ASN,ND2,0.1142857142857143
seg_,184,LYS,NZ,seg_,185,ASN,O,0.3619047619047619
seg_,184,LYS,O,seg_,185,ASN,ND2,0.34285714285714286
seg_,184,LYS,NZ,seg_,186,ASP,OD1,0.7619047619047619
seg_,184,LYS,NZ,seg_,186,ASP,OD2,1.2761904761904763
seg_,185,ASN,ND2,seg_,185,ASN,O,0.05714285714285715
seg_,185,ASN,OD1,seg_,186,ASP,N,0.20952380952380953
seg_,186,ASP,N,seg_,186,ASP,OD2,0.01904761904761905
