seg_,1,VAL,sidechain,seg_,106,ALA,sidechain,8.81904761904762
seg_,10,VAL,sidechain,seg_,8,VAL,sidechain,30.438095238095237
seg_,74,VAL,sidechain,seg_,86,ALA,sidechain,20.476190476190474
seg_,109,VAL,sidechain,seg_,1,VAL,sidechain,9.58095238095238
seg_,112,VAL,sidechain,seg_,1,VAL,sidechain,8.228571428571428
seg_,115,VAL,sidechain,seg_,50,VAL,sidechain,44.647619047619045
seg_,135,VAL,sidechain,seg_,8,VAL,sidechain,4.114285714285714
seg_,135,VAL,sidechain,seg_,10,VAL,sidechain,5.123809523809523
seg_,181,VAL,sidechain,seg_,165,VAL,sidechain,4.838095238095238
seg_,4,LEU,sidechain,seg_,124,ALA,sidechain,1.6952380952380952
seg_,4,LEU,sidechain,seg_,1,VAL,sidechain,0.17142857142857143
seg_,4,LEU,sidechain,seg_,112,VAL,sidechain,11.200000000000001
seg_,22,LEU,sidechain,seg_,9,ALA,sidechain,0.20952380952380953
seg_,49,LEU,sidechain,seg_,109,VAL,sidechain,73.21904761904761
seg_,49,LEU,sidechain,seg_,112,VAL,sidechain,70.95238095238095
seg_,67,LEU,sidechain,seg_,50,VAL,sidechain,0.5714285714285714
seg_,73,LEU,sidechain,seg_,96,ALA,sidechain,77.21904761904761
seg_,73,LEU,sidechain,seg_,49,LEU,sidechain,1.5809523809523809
seg_,75,LEU,sidechain,seg_,96,ALA,sidechain,7.79047619047619
seg_,75,LEU,sidechain,seg_,120,VAL,sidechain,50.28571428571429
seg_,75,LEU,sidechain,seg_,73,LEU,sidechain,0.01904761904761905
seg_,89,LEU,sidechain,seg_,86,ALA,sidechain,0.01904761904761905
seg_,89,LEU,sidechain,seg_,74,VAL,sidechain,2.533333333333333
seg_,89,LEU,sidechain,seg_,79,LEU,sidechain,1.7904761904761906
seg_,93,LEU,sidechain,seg_,96,ALA,sidechain,0.9142857142857144
seg_,93,LEU,sidechain,seg_,124,ALA,sidechain,4.590476190476191
seg_,93,LEU,sidechain,seg_,120,VAL,sidechain,0.5714285714285714
seg_,93,LEU,sidechain,seg_,4,LEU,sidechain,0.01904761904761905
seg_,93,LEU,sidechain,seg_,75,LEU,sidechain,0.05714285714285715
seg_,97,LEU,sidechain,seg_,96,ALA,sidechain,0.2857142857142857
seg_,97,LEU,sidechain,seg_,1,VAL,sidechain,22.133333333333333
seg_,97,LEU,sidechain,seg_,112,VAL,sidechain,0.3047619047619048
seg_,97,LEU,sidechain,seg_,4,LEU,sidechain,1.4857142857142858
seg_,97,LEU,sidechain,seg_,93,LEU,sidechain,27.695238095238096
seg_,99,LEU,sidechain,seg_,73,LEU,sidechain,0.38095238095238093
seg_,105,LEU,sidechain,seg_,109,VAL,sidechain,8.41904761904762
seg_,105,LEU,sidechain,seg_,49,LEU,sidechain,0.5142857142857142
seg_,105,LEU,sidechain,seg_,99,LEU,sidechain,2.5523809523809526
seg_,131,LEU,sidechain,seg_,124,ALA,sidechain,7.828571428571429
seg_,131,LEU,sidechain,seg_,4,LEU,sidechain,7.733333333333333
seg_,133,LEU,sidechain,seg_,135,VAL,sidechain,1.2761904761904763
seg_,133,LEU,sidechain,seg_,131,LEU,sidechain,2.9714285714285715
seg_,159,LEU,sidechain,seg_,181,VAL,sidechain,12.723809523809523
seg_,7,ILE,sidechain,seg_,115,VAL,sidechain,0.0380952380952381
seg_,16,ILE,sidechain,seg_,8,VAL,sidechain,0.05714285714285715
seg_,16,ILE,sidechain,seg_,10,VAL,sidechain,0.0380952380952381
seg_,51,ILE,sidechain,seg_,96,ALA,sidechain,42.01904761904762
seg_,51,ILE,sidechain,seg_,49,LEU,sidechain,1.4857142857142858
seg_,51,ILE,sidechain,seg_,73,LEU,sidechain,84.0
seg_,51,ILE,sidechain,seg_,75,LEU,sidechain,1.2380952380952381
seg_,51,ILE,sidechain,seg_,93,LEU,sidechain,0.0380952380952381
seg_,60,ILE,sidechain,seg_,67,LEU,sidechain,29.86666666666667
seg_,71,ILE,sidechain,seg_,109,VAL,sidechain,0.4761904761904762
seg_,71,ILE,sidechain,seg_,49,LEU,sidechain,23.866666666666667
seg_,71,ILE,sidechain,seg_,105,LEU,sidechain,0.9904761904761904
seg_,114,ILE,sidechain,seg_,124,ALA,sidechain,97.44761904761904
seg_,114,ILE,sidechain,seg_,120,VAL,sidechain,15.123809523809523
seg_,114,ILE,sidechain,seg_,4,LEU,sidechain,0.2476190476190476
seg_,114,ILE,sidechain,seg_,93,LEU,sidechain,1.2952380952380953
seg_,114,ILE,sidechain,seg_,51,ILE,sidechain,18.152380952380952
seg_,138,ILE,sidechain,seg_,9,ALA,sidechain,2.6285714285714286
seg_,138,ILE,sidechain,seg_,22,LEU,sidechain,0.0761904761904762
seg_,151,ILE,sidechain,seg_,135,VAL,sidechain,0.0761904761904762
seg_,151,ILE,sidechain,seg_,133,LEU,sidechain,0.4952380952380952
seg_,151,ILE,sidechain,seg_,153,LEU,sidechain,0.09523809523809523
seg_,175,ILE,sidechain,seg_,27,LEU,sidechain,7.0095238095238095
seg_,175,ILE,sidechain,seg_,138,ILE,sidechain,0.2285714285714286
seg_,34,PHE,sidechain,seg_,115,VAL,sidechain,0.0380952380952381
seg_,34,PHE,sidechain,seg_,7,ILE,sidechain,1.2571428571428571
seg_,88,PHE,sidechain,seg_,73,LEU,sidechain,0.26666666666666666
seg_,88,PHE,sidechain,seg_,99,LEU,sidechain,2.6476190476190475
seg_,88,PHE,sidechain,seg_,105,LEU,sidechain,10.571428571428571
seg_,88,PHE,sidechain,seg_,71,ILE,sidechain,0.13333333333333333
seg_,134,PHE,sidechain,seg_,181,VAL,sidechain,93.96190476190476
seg_,134,PHE,sidechain,seg_,7,ILE,sidechain,0.13333333333333333
seg_,142,PHE,sidechain,seg_,22,LEU,sidechain,19.942857142857143
seg_,142,PHE,sidechain,seg_,138,ILE,sidechain,0.09523809523809523
seg_,148,PHE,sidechain,seg_,8,VAL,sidechain,94.78095238095237
seg_,148,PHE,sidechain,seg_,10,VAL,sidechain,2.7047619047619045
seg_,148,PHE,sidechain,seg_,16,ILE,sidechain,0.0380952380952381
seg_,179,PHE,sidechain,seg_,165,VAL,sidechain,2.8000000000000003
seg_,179,PHE,sidechain,seg_,166,LEU,sidechain,0.5714285714285714
seg_,23,PRO,sidechain,seg_,22,LEU,sidechain,0.4952380952380952
seg_,23,PRO,sidechain,seg_,142,PHE,sidechain,5.771428571428571
seg_,25,PRO,sidechain,seg_,22,LEU,sidechain,0.05714285714285715
seg_,25,PRO,sidechain,seg_,27,LEU,sidechain,0.01904761904761905
seg_,26,PRO,sidechain,seg_,22,LEU,sidechain,1.5809523809523809
seg_,66,PRO,sidechain,seg_,86,ALA,sidechain,0.7047619047619047
seg_,82,PRO,sidechain,seg_,86,ALA,sidechain,2.666666666666667
seg_,82,PRO,sidechain,seg_,89,LEU,sidechain,76.43809523809524
seg_,83,PRO,sidechain,seg_,86,ALA,sidechain,90.70476190476191
seg_,83,PRO,sidechain,seg_,74,VAL,sidechain,73.75238095238095
seg_,83,PRO,sidechain,seg_,79,LEU,sidechain,17.561904761904763
seg_,83,PRO,sidechain,seg_,89,LEU,sidechain,0.4
seg_,103,PRO,sidechain,seg_,106,ALA,sidechain,1.9047619047619049
seg_,128,PRO,sidechain,seg_,1,VAL,sidechain,0.0380952380952381
seg_,149,PRO,sidechain,seg_,148,PHE,sidechain,95.6952380952381
seg_,160,PRO,sidechain,seg_,158,LEU,sidechain,8.838095238095239
seg_,160,PRO,sidechain,seg_,159,LEU,sidechain,0.41904761904761906
seg_,14,MET,sidechain,seg_,10,VAL,sidechain,73.21904761904761
seg_,14,MET,sidechain,seg_,148,PHE,sidechain,0.1523809523809524
seg_,37,MET,sidechain,seg_,165,VAL,sidechain,0.09523809523809523
seg_,37,MET,sidechain,seg_,134,PHE,sidechain,24.81904761904762
seg_,52,MET,sidechain,seg_,50,VAL,sidechain,3.8857142857142852
seg_,52,MET,sidechain,seg_,74,VAL,sidechain,7.0095238095238095
seg_,52,MET,sidechain,seg_,115,VAL,sidechain,9.657142857142857
seg_,125,MET,sidechain,seg_,124,ALA,sidechain,4.304761904761905
seg_,125,MET,sidechain,seg_,131,LEU,sidechain,0.0761904761904762
seg_,125,MET,sidechain,seg_,133,LEU,sidechain,0.4761904761904762
seg_,125,MET,sidechain,seg_,151,ILE,sidechain,0.17142857142857143
seg_,125,MET,sidechain,seg_,148,PHE,sidechain,4.666666666666667
seg_,125,MET,sidechain,seg_,149,PRO,sidechain,58.971428571428575
seg_,139,MET,sidechain,seg_,169,VAL,sidechain,5.866666666666666
seg_,24,TRP,sidechain,seg_,22,LEU,sidechain,53.52380952380953
seg_,24,TRP,sidechain,seg_,27,LEU,sidechain,0.6285714285714286
seg_,24,TRP,sidechain,seg_,138,ILE,sidechain,0.09523809523809523
seg_,24,TRP,sidechain,seg_,175,ILE,sidechain,86.19047619047619
seg_,24,TRP,sidechain,seg_,142,PHE,sidechain,0.34285714285714286
seg_,24,TRP,sidechain,seg_,23,PRO,sidechain,42.01904761904762
seg_,57,TRP,sidechain,seg_,86,ALA,sidechain,53.2
seg_,57,TRP,sidechain,seg_,74,VAL,sidechain,57.657142857142865
seg_,57,TRP,sidechain,seg_,83,PRO,sidechain,34.457142857142856
seg_,57,TRP,sidechain,seg_,52,MET,sidechain,0.0380952380952381
seg_,113,TRP,sidechain,seg_,111,MET,sidechain,1.0857142857142856
