seg_,3,SER,sidechain,seg_,1,VAL,sidechain,-0.00011724437773227691
seg_,4,LEU,sidechain,seg_,1,VAL,sidechain,-0.11801699766212898
seg_,4,LEU,sidechain,seg_,3,SER,sidechain,1.5722206660679407e-05
seg_,5,ASN,sidechain,seg_,3,SER,sidechain,-0.30468799233261407
seg_,6,CYS,sidechain,seg_,4,LEU,sidechain,-0.0001640955876736414
seg_,6,CYS,sidechain,seg_,8,VAL,sidechain,-0.04938293287672457
seg_,9,ALA,sidechain,seg_,8,VAL,sidechain,-0.6685614678721343
seg_,10,VAL,sidechain,seg_,8,VAL,sidechain,-0.8564781564785877
seg_,9,ALA,sidechain,seg_,10,VAL,sidechain,-0.3290364222538081
seg_,11,SER,sidechain,seg_,10,VAL,sidechain,0.003316616370564415
seg_,12,GLN,sidechain,seg_,10,VAL,sidechain,0.0012207276874354907
seg_,12,GLN,sidechain,seg_,11,SER,sidechain,-0.014773164544698028
seg_,13,ASN,sidechain,seg_,11,SER,sidechain,-0.24661474957153023
seg_,13,ASN,sidechain,seg_,12,GLN,sidechain,-0.020387549582092712
seg_,14,MET,sidechain,seg_,8,VAL,sidechain,-3.11777705237979e-05
seg_,14,MET,sidechain,seg_,10,VAL,sidechain,-0.952317469199809
seg_,12,GLN,sidechain,seg_,14,MET,sidechain,-0.0001659804807887191
seg_,13,ASN,sidechain,seg_,14,MET,sidechain,3.446073191506522e-05
seg_,16,ILE,sidechain,seg_,8,VAL,sidechain,-0.4391136475733171
seg_,9,ALA,sidechain,seg_,16,ILE,sidechain,0.001127343886310146
seg_,16,ILE,sidechain,seg_,10,VAL,sidechain,-0.2984577093245905
seg_,19,ASN,sidechain,seg_,16,ILE,sidechain,0.0006248068122686597
seg_,19,ASN,sidechain,seg_,18,LYS,sidechain,-0.0035542196430975483
seg_,21,ASP,sidechain,seg_,18,LYS,sidechain,-0.011059371664055757
seg_,19,ASN,sidechain,seg_,21,ASP,sidechain,-0.0010704023987054825
seg_,9,ALA,sidechain,seg_,22,LEU,sidechain,-0.02423412835385118
seg_,16,ILE,sidechain,seg_,22,LEU,sidechain,-0.0006879351919605618
seg_,22,LEU,sidechain,seg_,18,LYS,sidechain,-0.22913429997080847
seg_,19,ASN,sidechain,seg_,22,LEU,sidechain,0.00013589210169655936
seg_,21,ASP,sidechain,seg_,22,LEU,sidechain,-0.004205976574548654
seg_,18,LYS,sidechain,seg_,23,PRO,sidechain,-0.09699293354100415
seg_,21,ASP,sidechain,seg_,23,PRO,sidechain,5.275849501291911e-05
seg_,22,LEU,sidechain,seg_,23,PRO,sidechain,-0.04249012470458235
seg_,22,LEU,sidechain,seg_,24,TRP,sidechain,-0.33466214318537996
seg_,23,PRO,sidechain,seg_,24,TRP,sidechain,-0.38688622906342857
seg_,22,LEU,sidechain,seg_,25,PRO,sidechain,-0.002988744945753188
seg_,25,PRO,sidechain,seg_,24,TRP,sidechain,-0.0004123033100650424
seg_,21,ASP,sidechain,seg_,26,PRO,sidechain,0.006650379594570647
seg_,22,LEU,sidechain,seg_,26,PRO,sidechain,-0.18058547378065332
seg_,26,PRO,sidechain,seg_,24,TRP,sidechain,-5.998022996243976e-05
seg_,26,PRO,sidechain,seg_,25,PRO,sidechain,-0.06829603017569476
seg_,27,LEU,sidechain,seg_,22,LEU,sidechain,-0.0006970555895850772
seg_,27,LEU,sidechain,seg_,24,TRP,sidechain,0.34542576782678674
seg_,27,LEU,sidechain,seg_,25,PRO,sidechain,-0.004566798806190491
seg_,28,ARG,sidechain,seg_,25,PRO,sidechain,0.00014534797785537584
seg_,28,ARG,sidechain,seg_,26,PRO,sidechain,-0.04474459041610715
seg_,29,ASN,sidechain,seg_,27,LEU,sidechain,-0.014599297235409418
seg_,28,ARG,sidechain,seg_,29,ASN,sidechain,0.00025618491215365275
seg_,9,ALA,sidechain,seg_,30,GLU,sidechain,0.2728385404130217
seg_,21,ASP,sidechain,seg_,30,GLU,sidechain,-0.0001891534413610186
seg_,30,GLU,sidechain,seg_,22,LEU,sidechain,-0.0049355063897535386
seg_,30,GLU,sidechain,seg_,24,TRP,sidechain,-0.014788366273400329
seg_,30,GLU,sidechain,seg_,26,PRO,sidechain,0.012807650704291604
seg_,30,GLU,sidechain,seg_,27,LEU,sidechain,-0.1915132871801477
seg_,31,ARG,sidechain,seg_,21,ASP,sidechain,-0.0024574302672630264
seg_,31,ARG,sidechain,seg_,22,LEU,sidechain,-0.005764628851697559
seg_,31,ARG,sidechain,seg_,26,PRO,sidechain,-0.7570213863540973
seg_,31,ARG,sidechain,seg_,27,LEU,sidechain,0.00011463212683087303
seg_,31,ARG,sidechain,seg_,28,ARG,sidechain,0.0067150475802787
seg_,31,ARG,sidechain,seg_,30,GLU,sidechain,-0.1109022892664098
seg_,32,ARG,sidechain,seg_,28,ARG,sidechain,-0.4598365582877138
seg_,32,ARG,sidechain,seg_,29,ASN,sidechain,-0.09816542864630796
seg_,32,ARG,sidechain,seg_,31,ARG,sidechain,-4.315895977474394e-05
seg_,7,ILE,sidechain,seg_,33,TYR,sidechain,-0.25299340826756367
seg_,7,ILE,sidechain,seg_,34,PHE,sidechain,-0.6852299553363451
seg_,31,ARG,sidechain,seg_,34,PHE,sidechain,3.551608324050903e-05
seg_,28,ARG,sidechain,seg_,35,GLU,sidechain,-9.934032743885403e-05
seg_,32,ARG,sidechain,seg_,35,GLU,sidechain,-0.8243043043868883
seg_,35,GLU,sidechain,seg_,34,PHE,sidechain,-0.06100684993660876
seg_,36,ARG,sidechain,seg_,29,ASN,sidechain,0.0009600067732334581
seg_,36,ARG,sidechain,seg_,32,ARG,sidechain,-0.04422252692523346
seg_,36,ARG,sidechain,seg_,33,TYR,sidechain,0.00702462571646486
seg_,36,ARG,sidechain,seg_,35,GLU,sidechain,-0.024307988244774086
seg_,7,ILE,sidechain,seg_,37,MET,sidechain,-0.048048985912686304
seg_,37,MET,sidechain,seg_,33,TYR,sidechain,-0.8606513028580784
seg_,36,ARG,sidechain,seg_,37,MET,sidechain,-0.0340070046496888
seg_,7,ILE,sidechain,seg_,38,THR,sidechain,-0.4253489036772932
seg_,34,PHE,sidechain,seg_,38,THR,sidechain,-0.9115867405073894
seg_,35,GLU,sidechain,seg_,38,THR,sidechain,-0.07346219806160245
seg_,32,ARG,sidechain,seg_,39,THR,sidechain,0.00011257139841715494
seg_,35,GLU,sidechain,seg_,39,THR,sidechain,-0.05443092460932565
seg_,36,ARG,sidechain,seg_,39,THR,sidechain,-0.009370083340044532
seg_,39,THR,sidechain,seg_,38,THR,sidechain,0.22964153767483575
seg_,5,ASN,sidechain,seg_,40,THR,sidechain,0.00022882433803308577
seg_,36,ARG,sidechain,seg_,40,THR,sidechain,-0.018696197797677346
seg_,37,MET,sidechain,seg_,40,THR,sidechain,0.0501380771807273
seg_,40,THR,sidechain,seg_,39,THR,sidechain,0.07617330132016824
seg_,36,ARG,sidechain,seg_,41,SER,sidechain,-0.005327669582246537
seg_,41,SER,sidechain,seg_,39,THR,sidechain,-0.0021721872286427587
seg_,41,SER,sidechain,seg_,40,THR,sidechain,0.05610237612969996
seg_,42,SER,sidechain,seg_,1,VAL,sidechain,-0.00032677297932761056
seg_,42,SER,sidechain,seg_,3,SER,sidechain,-0.0017655001197542464
seg_,42,SER,sidechain,seg_,39,THR,sidechain,-0.0025456566867374237
seg_,42,SER,sidechain,seg_,40,THR,sidechain,-0.2762482470957385
seg_,42,SER,sidechain,seg_,41,SER,sidechain,0.005871357621181579
seg_,43,VAL,sidechain,seg_,1,VAL,sidechain,-0.00011066587198348272
seg_,39,THR,sidechain,seg_,43,VAL,sidechain,-0.0006671722616468157
seg_,40,THR,sidechain,seg_,43,VAL,sidechain,-0.0017483846833042445
seg_,41,SER,sidechain,seg_,43,VAL,sidechain,-0.018687688731189284
seg_,42,SER,sidechain,seg_,43,VAL,sidechain,-0.021877526769059755
seg_,44,GLU,sidechain,seg_,41,SER,sidechain,-0.0002026374563574791
seg_,44,GLU,sidechain,seg_,42,SER,sidechain,-0.009592754420957394
seg_,44,GLU,sidechain,seg_,43,VAL,sidechain,-0.04887796480865689
seg_,46,LYS,sidechain,seg_,1,VAL,sidechain,0.004237726984989075
seg_,46,LYS,sidechain,seg_,40,THR,sidechain,-0.0010656943331871715
seg_,46,LYS,sidechain,seg_,41,SER,sidechain,-0.007997689357825688
seg_,46,LYS,sidechain,seg_,42,SER,sidechain,-0.14295612022653223
seg_,46,LYS,sidechain,seg_,43,VAL,sidechain,0.0011281744890092385
seg_,44,GLU,sidechain,seg_,46,LYS,sidechain,-0.03851246019027063
seg_,47,GLN,sidechain,seg_,39,THR,sidechain,0.01079466382314318
seg_,47,GLN,sidechain,seg_,40,THR,sidechain,-0.0716809114717568
seg_,47,GLN,sidechain,seg_,41,SER,sidechain,-0.0038720870880143985
seg_,47,GLN,sidechain,seg_,42,SER,sidechain,-0.0025485574712178537
seg_,47,GLN,sidechain,seg_,43,VAL,sidechain,-0.00019373830727168492
seg_,47,GLN,sidechain,seg_,44,GLU,sidechain,-0.0030974181857669637
seg_,47,GLN,sidechain,seg_,46,LYS,sidechain,1.5713554053079515e-05
seg_,48,ASN,sidechain,seg_,5,ASN,sidechain,8.094231713385809e-05
seg_,48,ASN,sidechain,seg_,38,THR,sidechain,0.00012075964184034438
seg_,48,ASN,sidechain,seg_,39,THR,sidechain,0.009113083693243209
seg_,48,ASN,sidechain,seg_,40,THR,sidechain,-0.25831095546031635
seg_,48,ASN,sidechain,seg_,41,SER,sidechain,-0.06849776282241302
seg_,48,ASN,sidechain,seg_,42,SER,sidechain,-0.009195723699893625
seg_,48,ASN,sidechain,seg_,47,GLN,sidechain,0.00027305742184675875
seg_,49,LEU,sidechain,seg_,1,VAL,sidechain,0.001905444343884786
seg_,34,PHE,sidechain,seg_,50,VAL,sidechain,-0.0013303566269931338
seg_,38,THR,sidechain,seg_,50,VAL,sidechain,-0.42216149720780194
seg_,51,ILE,sidechain,seg_,4,LEU,sidechain,-0.03019009416585877
seg_,51,ILE,sidechain,seg_,49,LEU,sidechain,-0.7153475003901958
seg_,52,MET,sidechain,seg_,50,VAL,sidechain,-0.7563133804055618
seg_,55,LYS,sidechain,seg_,18,LYS,sidechain,7.49657324382237e-05
seg_,19,ASN,sidechain,seg_,55,LYS,sidechain,-0.17316531566131327
seg_,21,ASP,sidechain,seg_,55,LYS,sidechain,-0.06874829264961937
seg_,55,LYS,sidechain,seg_,54,LYS,sidechain,-0.046600505623567316
seg_,19,ASN,sidechain,seg_,56,THR,sidechain,-0.009906398591541108
seg_,52,MET,sidechain,seg_,56,THR,sidechain,-0.49365479859213035
seg_,55,LYS,sidechain,seg_,56,THR,sidechain,-0.0010141681776869864
seg_,52,MET,sidechain,seg_,57,TRP,sidechain,-1.1732906700961647
seg_,54,LYS,sidechain,seg_,58,PHE,sidechain,-0.3537002063634184
seg_,55,LYS,sidechain,seg_,58,PHE,sidechain,-0.006516917695956571
seg_,58,PHE,sidechain,seg_,57,TRP,sidechain,-0.28282465997338296
seg_,19,ASN,sidechain,seg_,59,SER,sidechain,-0.020982060745358466
seg_,21,ASP,sidechain,seg_,59,SER,sidechain,-0.019373840734673044
seg_,22,LEU,sidechain,seg_,59,SER,sidechain,-0.0010400516744703055
seg_,31,ARG,sidechain,seg_,59,SER,sidechain,-0.00022733930746714274
seg_,55,LYS,sidechain,seg_,59,SER,sidechain,-0.2866674214177543
seg_,59,SER,sidechain,seg_,56,THR,sidechain,-0.02760816709812553
seg_,58,PHE,sidechain,seg_,59,SER,sidechain,-2.0664765721275694e-05
seg_,60,ILE,sidechain,seg_,34,PHE,sidechain,-0.0019187588067281814
seg_,60,ILE,sidechain,seg_,52,MET,sidechain,-0.6759709522479125
seg_,60,ILE,sidechain,seg_,56,THR,sidechain,-0.4240702928155661
seg_,60,ILE,sidechain,seg_,57,TRP,sidechain,-0.4637875244054677
seg_,60,ILE,sidechain,seg_,59,SER,sidechain,-0.002372007007400195
seg_,21,ASP,sidechain,seg_,61,PRO,sidechain,0.00028441674368722097
seg_,31,ARG,sidechain,seg_,61,PRO,sidechain,-0.0059889603037653226
seg_,60,ILE,sidechain,seg_,61,PRO,sidechain,-1.1685859299571741
seg_,62,GLU,sidechain,seg_,58,PHE,sidechain,-0.00014163959877831596
seg_,62,GLU,sidechain,seg_,61,PRO,sidechain,-0.01166692639341844
seg_,63,LYS,sidechain,seg_,61,PRO,sidechain,-0.017765336542700728
seg_,62,GLU,sidechain,seg_,63,LYS,sidechain,-0.14538380392782746
seg_,31,ARG,sidechain,seg_,64,ASN,sidechain,-0.02754632223787762
seg_,64,ASN,sidechain,seg_,60,ILE,sidechain,-0.013087622949587447
seg_,64,ASN,sidechain,seg_,61,PRO,sidechain,-0.39117476836628545
seg_,64,ASN,sidechain,seg_,63,LYS,sidechain,-0.12775813571212902
seg_,65,ARG,sidechain,seg_,57,TRP,sidechain,-0.6678835733007817
seg_,65,ARG,sidechain,seg_,58,PHE,sidechain,-0.3964158628150776
seg_,65,ARG,sidechain,seg_,62,GLU,sidechain,-0.2547248270342326
seg_,66,PRO,sidechain,seg_,57,TRP,sidechain,-0.0005588927609579904
seg_,67,LEU,sidechain,seg_,34,PHE,sidechain,-0.687549641774169
seg_,35,GLU,sidechain,seg_,67,LEU,sidechain,0.0010275046499002548
seg_,67,LEU,sidechain,seg_,38,THR,sidechain,0.006358308866074021
seg_,67,LEU,sidechain,seg_,50,VAL,sidechain,-1.0517053463728654
seg_,67,LEU,sidechain,seg_,52,MET,sidechain,-0.5690906027221077
seg_,67,LEU,sidechain,seg_,57,TRP,sidechain,-0.00041306627364385694
seg_,60,ILE,sidechain,seg_,67,LEU,sidechain,-0.7736030300893333
seg_,64,ASN,sidechain,seg_,67,LEU,sidechain,-0.0014278975569066547
seg_,32,ARG,sidechain,seg_,68,LYS,sidechain,0.008053773231449582
seg_,35,GLU,sidechain,seg_,68,LYS,sidechain,-0.7082696950155355
seg_,36,ARG,sidechain,seg_,68,LYS,sidechain,0.00020082543080761318
seg_,68,LYS,sidechain,seg_,39,THR,sidechain,-0.0011843478810929116
seg_,68,LYS,sidechain,seg_,63,LYS,sidechain,-6.341167291005452e-05
seg_,64,ASN,sidechain,seg_,68,LYS,sidechain,-0.0041435206040207825
seg_,68,LYS,sidechain,seg_,66,PRO,sidechain,-0.002209391714206764
seg_,70,ARG,sidechain,seg_,34,PHE,sidechain,0.5396978391878906
seg_,70,ARG,sidechain,seg_,35,GLU,sidechain,-0.4535200113358996
seg_,70,ARG,sidechain,seg_,38,THR,sidechain,-1.6903710338388171
seg_,70,ARG,sidechain,seg_,39,THR,sidechain,-0.20360334686322937
seg_,70,ARG,sidechain,seg_,50,VAL,sidechain,0.004573014102876186
seg_,70,ARG,sidechain,seg_,67,LEU,sidechain,-0.6458719244268502
seg_,70,ARG,sidechain,seg_,68,LYS,sidechain,-0.2141647079577226
seg_,47,GLN,sidechain,seg_,71,ILE,sidechain,-0.18334959906126772
seg_,71,ILE,sidechain,seg_,49,LEU,sidechain,-1.1532571037514578
seg_,72,ASN,sidechain,seg_,50,VAL,sidechain,-0.20319119754247367
seg_,72,ASN,sidechain,seg_,52,MET,sidechain,-0.6452947738220294
seg_,72,ASN,sidechain,seg_,57,TRP,sidechain,0.17492234766392392
seg_,72,ASN,sidechain,seg_,60,ILE,sidechain,-0.04384807637665376
seg_,72,ASN,sidechain,seg_,66,PRO,sidechain,-0.8630392019860447
seg_,72,ASN,sidechain,seg_,67,LEU,sidechain,-0.7828415577141125
seg_,73,LEU,sidechain,seg_,49,LEU,sidechain,-1.0954785941755842
seg_,51,ILE,sidechain,seg_,73,LEU,sidechain,-0.7320517558411562
seg_,71,ILE,sidechain,seg_,73,LEU,sidechain,-0.001401970477686042
seg_,52,MET,sidechain,seg_,74,VAL,sidechain,-0.24204233216520932
seg_,54,LYS,sidechain,seg_,74,VAL,sidechain,-0.0014549244471958706
seg_,57,TRP,sidechain,seg_,74,VAL,sidechain,-0.5425887064816697
seg_,72,ASN,sidechain,seg_,74,VAL,sidechain,0.00024034392975625537
seg_,51,ILE,sidechain,seg_,75,LEU,sidechain,-0.8538183565521169
seg_,75,LEU,sidechain,seg_,73,LEU,sidechain,-0.26032318474121746
seg_,54,LYS,sidechain,seg_,76,SER,sidechain,-0.5202812113424852
seg_,76,SER,sidechain,seg_,74,VAL,sidechain,-0.0636314438909647
seg_,77,ARG,sidechain,seg_,75,LEU,sidechain,-0.030755765532453856
seg_,77,ARG,sidechain,seg_,76,SER,sidechain,0.00021192429746900285
seg_,78,GLU,sidechain,seg_,54,LYS,sidechain,-1.3814793452290552
seg_,78,GLU,sidechain,seg_,55,LYS,sidechain,-0.0007155564434471584
seg_,78,GLU,sidechain,seg_,76,SER,sidechain,-0.27829310086899484
seg_,77,ARG,sidechain,seg_,78,GLU,sidechain,-0.010786393492305207
seg_,79,LEU,sidechain,seg_,54,LYS,sidechain,-1.0722019885416543
seg_,79,LEU,sidechain,seg_,57,TRP,sidechain,0.00019338902405330113
seg_,79,LEU,sidechain,seg_,58,PHE,sidechain,-0.19837580511754468
seg_,79,LEU,sidechain,seg_,74,VAL,sidechain,-0.37832817842385597
seg_,79,LEU,sidechain,seg_,76,SER,sidechain,-0.9435560403458575
seg_,78,GLU,sidechain,seg_,79,LEU,sidechain,-0.0015993085815792993
seg_,77,ARG,sidechain,seg_,80,LYS,sidechain,-0.0007899294949713207
seg_,78,GLU,sidechain,seg_,80,LYS,sidechain,-0.0001806887530145191
seg_,81,GLU,sidechain,seg_,79,LEU,sidechain,0.0001296071658531825
seg_,81,GLU,sidechain,seg_,80,LYS,sidechain,-0.13635719202991042
seg_,82,PRO,sidechain,seg_,74,VAL,sidechain,0.0001633337079769089
seg_,79,LEU,sidechain,seg_,82,PRO,sidechain,-0.00018530733244759696
seg_,81,GLU,sidechain,seg_,82,PRO,sidechain,0.016051569082020295
seg_,54,LYS,sidechain,seg_,83,PRO,sidechain,-0.004411662907827468
seg_,83,PRO,sidechain,seg_,57,TRP,sidechain,-0.6876726559991172
seg_,58,PHE,sidechain,seg_,83,PRO,sidechain,-0.23689647357750107
seg_,65,ARG,sidechain,seg_,83,PRO,sidechain,0.00013232157911573139
seg_,83,PRO,sidechain,seg_,74,VAL,sidechain,-0.29506455757154065
seg_,79,LEU,sidechain,seg_,83,PRO,sidechain,-0.7242547998377067
seg_,83,PRO,sidechain,seg_,82,PRO,sidechain,-0.0634735944208556
seg_,84,GLN,sidechain,seg_,57,TRP,sidechain,-0.000283964583561534
seg_,84,GLN,sidechain,seg_,58,PHE,sidechain,-0.0032355754269020897
seg_,84,GLN,sidechain,seg_,62,GLU,sidechain,-0.0026060004078206564
seg_,84,GLN,sidechain,seg_,63,LYS,sidechain,-0.00029368541354224794
seg_,65,ARG,sidechain,seg_,84,GLN,sidechain,-0.00017438464434373947
seg_,84,GLN,sidechain,seg_,79,LEU,sidechain,-0.00013932416552589054
seg_,84,GLN,sidechain,seg_,81,GLU,sidechain,-0.01413471423976478
seg_,84,GLN,sidechain,seg_,82,PRO,sidechain,3.317819322858538e-05
seg_,84,GLN,sidechain,seg_,83,PRO,sidechain,-0.0023456972089285653
seg_,86,ALA,sidechain,seg_,57,TRP,sidechain,-0.14745614504938323
seg_,86,ALA,sidechain,seg_,66,PRO,sidechain,-0.0005429262051004029
seg_,86,ALA,sidechain,seg_,72,ASN,sidechain,0.002503374757245183
seg_,86,ALA,sidechain,seg_,74,VAL,sidechain,-0.16417804495369395
seg_,86,ALA,sidechain,seg_,82,PRO,sidechain,0.01572860179573209
seg_,86,ALA,sidechain,seg_,83,PRO,sidechain,-0.05076328397681937
seg_,49,LEU,sidechain,seg_,88,PHE,sidechain,-0.017501871276469457
seg_,71,ILE,sidechain,seg_,88,PHE,sidechain,-0.7114233650465807
seg_,73,LEU,sidechain,seg_,88,PHE,sidechain,-0.012792696135384696
seg_,89,LEU,sidechain,seg_,74,VAL,sidechain,-0.6110575105251655
seg_,89,LEU,sidechain,seg_,76,SER,sidechain,-0.5831401909747649
seg_,89,LEU,sidechain,seg_,79,LEU,sidechain,-0.9232733032293396
seg_,89,LEU,sidechain,seg_,80,LYS,sidechain,-2.3255907353900727e-05
seg_,89,LEU,sidechain,seg_,82,PRO,sidechain,-0.4267504375890962
seg_,89,LEU,sidechain,seg_,83,PRO,sidechain,-0.040256372989454704
seg_,86,ALA,sidechain,seg_,89,LEU,sidechain,-0.0005017368452889579
seg_,51,ILE,sidechain,seg_,90,SER,sidechain,0.00032102476415180026
seg_,73,LEU,sidechain,seg_,90,SER,sidechain,-0.17009520662815444
seg_,75,LEU,sidechain,seg_,90,SER,sidechain,-0.46164206536185176
seg_,91,ARG,sidechain,seg_,76,SER,sidechain,0.00680754406892118
seg_,91,ARG,sidechain,seg_,77,ARG,sidechain,-0.1031749181174895
seg_,91,ARG,sidechain,seg_,79,LEU,sidechain,1.8998224110830398e-05
seg_,91,ARG,sidechain,seg_,80,LYS,sidechain,-0.03046578555627327
seg_,91,ARG,sidechain,seg_,82,PRO,sidechain,3.0374055817013694e-05
seg_,91,ARG,sidechain,seg_,89,LEU,sidechain,-0.08194313576852992
seg_,91,ARG,sidechain,seg_,90,SER,sidechain,0.000776844596046777
seg_,75,LEU,sidechain,seg_,92,SER,sidechain,-0.0027262514685945853
seg_,77,ARG,sidechain,seg_,92,SER,sidechain,-0.2574831857216278
seg_,92,SER,sidechain,seg_,90,SER,sidechain,0.0030590007432869503
seg_,91,ARG,sidechain,seg_,92,SER,sidechain,-0.008663018117193133
seg_,93,LEU,sidechain,seg_,4,LEU,sidechain,-0.7925993038743202
seg_,51,ILE,sidechain,seg_,93,LEU,sidechain,-1.4042226304014525
seg_,93,LEU,sidechain,seg_,75,LEU,sidechain,-0.5223629595217782
seg_,77,ARG,sidechain,seg_,94,ASP,sidechain,-0.0003590244579882849
seg_,91,ARG,sidechain,seg_,94,ASP,sidechain,0.00043980552451241585
seg_,94,ASP,sidechain,seg_,92,SER,sidechain,-0.1764103551134689
seg_,94,ASP,sidechain,seg_,93,LEU,sidechain,0.006614173431126844
seg_,77,ARG,sidechain,seg_,95,ASP,sidechain,0.0006190267451706209
seg_,95,ASP,sidechain,seg_,90,SER,sidechain,-0.06933520889854325
seg_,91,ARG,sidechain,seg_,95,ASP,sidechain,-0.5454660307265752
seg_,95,ASP,sidechain,seg_,92,SER,sidechain,-0.37471930357348177
seg_,95,ASP,sidechain,seg_,94,ASP,sidechain,-0.1297830882616607
seg_,96,ALA,sidechain,seg_,49,LEU,sidechain,0.002257549795366469
seg_,96,ALA,sidechain,seg_,51,ILE,sidechain,-0.258295759764123
seg_,96,ALA,sidechain,seg_,73,LEU,sidechain,-0.8707091492359482
seg_,96,ALA,sidechain,seg_,75,LEU,sidechain,-0.44458460579401193
seg_,96,ALA,sidechain,seg_,90,SER,sidechain,-0.2584496378238047
seg_,96,ALA,sidechain,seg_,93,LEU,sidechain,-0.24466869307770617
seg_,96,ALA,sidechain,seg_,95,ASP,sidechain,0.3299871209462484
seg_,97,LEU,sidechain,seg_,1,VAL,sidechain,-0.35636449512823865
seg_,97,LEU,sidechain,seg_,4,LEU,sidechain,-1.2548901829321735
seg_,97,LEU,sidechain,seg_,49,LEU,sidechain,0.002891169927659489
seg_,51,ILE,sidechain,seg_,97,LEU,sidechain,-0.03255671539689813
seg_,97,LEU,sidechain,seg_,93,LEU,sidechain,-1.6601378113563572
seg_,94,ASP,sidechain,seg_,97,LEU,sidechain,-0.12395531311489287
seg_,96,ALA,sidechain,seg_,97,LEU,sidechain,0.0044721245609578636
seg_,98,LYS,sidechain,seg_,1,VAL,sidechain,-0.01812974488770678
seg_,91,ARG,sidechain,seg_,98,LYS,sidechain,0.0012326777513538088
seg_,98,LYS,sidechain,seg_,92,SER,sidechain,5.775573140098935e-05
seg_,94,ASP,sidechain,seg_,98,LYS,sidechain,-0.15280148148242872
seg_,95,ASP,sidechain,seg_,98,LYS,sidechain,-0.1343540001332405
seg_,99,LEU,sidechain,seg_,49,LEU,sidechain,-0.012308456904299202
seg_,71,ILE,sidechain,seg_,99,LEU,sidechain,-0.0001414410826705751
seg_,99,LEU,sidechain,seg_,73,LEU,sidechain,-0.627475525851184
seg_,99,LEU,sidechain,seg_,88,PHE,sidechain,-0.4363280256876633
seg_,99,LEU,sidechain,seg_,90,SER,sidechain,-0.14018489893720973
seg_,95,ASP,sidechain,seg_,99,LEU,sidechain,-7.901635978903089e-05
seg_,96,ALA,sidechain,seg_,99,LEU,sidechain,0.18789011946132053
seg_,100,THR,sidechain,seg_,1,VAL,sidechain,-0.4224707697278798
seg_,49,LEU,sidechain,seg_,100,THR,sidechain,-0.3266422305321099
seg_,51,ILE,sidechain,seg_,100,THR,sidechain,0.037607512975022905
seg_,71,ILE,sidechain,seg_,100,THR,sidechain,0.0008841129541397095
seg_,73,LEU,sidechain,seg_,100,THR,sidechain,-0.022230014021566602
seg_,88,PHE,sidechain,seg_,100,THR,sidechain,-0.007984250740857707
seg_,96,ALA,sidechain,seg_,100,THR,sidechain,-0.20005104172985913
seg_,97,LEU,sidechain,seg_,100,THR,sidechain,0.26838329281666806
seg_,99,LEU,sidechain,seg_,100,THR,sidechain,-0.006500222744863658
seg_,101,GLU,sidechain,seg_,1,VAL,sidechain,-0.1181645444696977
seg_,101,GLU,sidechain,seg_,97,LEU,sidechain,0.0006898068466356822
seg_,101,GLU,sidechain,seg_,98,LYS,sidechain,-0.8194025571843432
seg_,101,GLU,sidechain,seg_,100,THR,sidechain,-0.004270450708988522
seg_,102,GLN,sidechain,seg_,88,PHE,sidechain,-0.02291022551964436
seg_,102,GLN,sidechain,seg_,98,LYS,sidechain,-0.0663548082685586
seg_,102,GLN,sidechain,seg_,99,LEU,sidechain,-0.03724173621305575
seg_,102,GLN,sidechain,seg_,101,GLU,sidechain,-0.03257184066986
seg_,102,GLN,sidechain,seg_,103,PRO,sidechain,-0.03509527626278854
seg_,47,GLN,sidechain,seg_,104,GLU,sidechain,-7.996888955434164e-05
seg_,104,GLU,sidechain,seg_,88,PHE,sidechain,-0.02757792314483474
seg_,104,GLU,sidechain,seg_,99,LEU,sidechain,-0.0019319988642930096
seg_,102,GLN,sidechain,seg_,104,GLU,sidechain,-0.008950812228378796
seg_,104,GLU,sidechain,seg_,103,PRO,sidechain,-0.015186070023592384
seg_,105,LEU,sidechain,seg_,1,VAL,sidechain,1.0201686194964817e-05
seg_,47,GLN,sidechain,seg_,105,LEU,sidechain,-0.0017943933049128168
seg_,105,LEU,sidechain,seg_,49,LEU,sidechain,-0.49520545446247394
seg_,71,ILE,sidechain,seg_,105,LEU,sidechain,-0.5564385846988076
seg_,105,LEU,sidechain,seg_,73,LEU,sidechain,-0.11140213649684474
seg_,105,LEU,sidechain,seg_,88,PHE,sidechain,-1.0105631580089796
seg_,105,LEU,sidechain,seg_,99,LEU,sidechain,-0.6227572874118175
seg_,105,LEU,sidechain,seg_,100,THR,sidechain,-0.3574908868758052
seg_,102,GLN,sidechain,seg_,105,LEU,sidechain,-0.051417650290942266
seg_,104,GLU,sidechain,seg_,105,LEU,sidechain,-0.0022958544604480264
seg_,106,ALA,sidechain,seg_,1,VAL,sidechain,-0.02482458878111183
seg_,106,ALA,sidechain,seg_,100,THR,sidechain,0.013066340206168769
seg_,106,ALA,sidechain,seg_,101,GLU,sidechain,-0.014440386004834658
seg_,106,ALA,sidechain,seg_,103,PRO,sidechain,0.002619216468739545
seg_,106,ALA,sidechain,seg_,105,LEU,sidechain,0.0005723446905612946
seg_,107,ASN,sidechain,seg_,1,VAL,sidechain,0.0003323953084292866
seg_,107,ASN,sidechain,seg_,44,GLU,sidechain,-0.001476830910403459
seg_,107,ASN,sidechain,seg_,46,LYS,sidechain,-0.02295272467986104
seg_,107,ASN,sidechain,seg_,103,PRO,sidechain,-0.017770272911038425
seg_,107,ASN,sidechain,seg_,104,GLU,sidechain,-0.0033788425801765352
seg_,106,ALA,sidechain,seg_,107,ASN,sidechain,-0.0370059953273407
seg_,44,GLU,sidechain,seg_,108,LYS,sidechain,-0.003967197499104909
seg_,108,LYS,sidechain,seg_,46,LYS,sidechain,-0.0061075441326413835
seg_,47,GLN,sidechain,seg_,108,LYS,sidechain,-0.11788202950078994
seg_,71,ILE,sidechain,seg_,108,LYS,sidechain,-0.26296085851843515
seg_,108,LYS,sidechain,seg_,88,PHE,sidechain,-0.00046936073757353284
seg_,104,GLU,sidechain,seg_,108,LYS,sidechain,-0.07703504767277766
seg_,105,LEU,sidechain,seg_,108,LYS,sidechain,-0.16807825917129715
seg_,107,ASN,sidechain,seg_,108,LYS,sidechain,-0.10149084294161627
seg_,109,VAL,sidechain,seg_,1,VAL,sidechain,-0.1535473312613155
seg_,47,GLN,sidechain,seg_,109,VAL,sidechain,-0.000498399256950333
seg_,48,ASN,sidechain,seg_,109,VAL,sidechain,0.001144212183498201
seg_,49,LEU,sidechain,seg_,109,VAL,sidechain,-0.5932440122126856
seg_,71,ILE,sidechain,seg_,109,VAL,sidechain,-0.23205255099946986
seg_,99,LEU,sidechain,seg_,109,VAL,sidechain,-3.1136087008884975e-05
seg_,100,THR,sidechain,seg_,109,VAL,sidechain,-0.6936704943276543
seg_,101,GLU,sidechain,seg_,109,VAL,sidechain,5.6516998935313454e-05
seg_,105,LEU,sidechain,seg_,109,VAL,sidechain,-0.605828927725629
seg_,106,ALA,sidechain,seg_,109,VAL,sidechain,-0.021156823689206725
seg_,108,LYS,sidechain,seg_,109,VAL,sidechain,-0.02074533984774635
seg_,110,ASP,sidechain,seg_,1,VAL,sidechain,-0.0012028029702958606
seg_,110,ASP,sidechain,seg_,3,SER,sidechain,-0.00174403405703959
seg_,110,ASP,sidechain,seg_,40,THR,sidechain,-0.3907235100745179
seg_,110,ASP,sidechain,seg_,41,SER,sidechain,-0.07307966616727589
seg_,110,ASP,sidechain,seg_,42,SER,sidechain,-0.5379099848264207
seg_,110,ASP,sidechain,seg_,43,VAL,sidechain,-0.009448660272554012
seg_,110,ASP,sidechain,seg_,44,GLU,sidechain,-0.0011097659374631587
seg_,110,ASP,sidechain,seg_,46,LYS,sidechain,-0.6804705275357036
seg_,48,ASN,sidechain,seg_,110,ASP,sidechain,-0.2995803850683428
seg_,107,ASN,sidechain,seg_,110,ASP,sidechain,-0.00019226646991003126
seg_,111,MET,sidechain,seg_,1,VAL,sidechain,-0.0002771011846406119
seg_,111,MET,sidechain,seg_,3,SER,sidechain,-0.28803685931390194
seg_,5,ASN,sidechain,seg_,111,MET,sidechain,-0.5920757927781947
seg_,111,MET,sidechain,seg_,37,MET,sidechain,-4.2757694919904075e-05
seg_,111,MET,sidechain,seg_,40,THR,sidechain,-0.25550313144950526
seg_,111,MET,sidechain,seg_,41,SER,sidechain,-0.011425959448374453
seg_,111,MET,sidechain,seg_,42,SER,sidechain,-0.12672920090619508
seg_,46,LYS,sidechain,seg_,111,MET,sidechain,0.0002796521328744434
seg_,48,ASN,sidechain,seg_,111,MET,sidechain,-0.23946718713046894
seg_,110,ASP,sidechain,seg_,111,MET,sidechain,-0.010175081645870315
seg_,112,VAL,sidechain,seg_,1,VAL,sidechain,-0.2956109782012978
seg_,3,SER,sidechain,seg_,112,VAL,sidechain,1.3563579037075951e-05
seg_,4,LEU,sidechain,seg_,112,VAL,sidechain,-0.8934100603953536
seg_,49,LEU,sidechain,seg_,112,VAL,sidechain,-0.6900640479799103
seg_,51,ILE,sidechain,seg_,112,VAL,sidechain,-1.0049134315722401
seg_,93,LEU,sidechain,seg_,112,VAL,sidechain,-0.01735315104041781
seg_,97,LEU,sidechain,seg_,112,VAL,sidechain,-0.3848238466544343
seg_,100,THR,sidechain,seg_,112,VAL,sidechain,-0.30240122311473605
seg_,112,VAL,sidechain,seg_,109,VAL,sidechain,-0.10096091352057245
seg_,5,ASN,sidechain,seg_,113,TRP,sidechain,-0.8552720160610264
seg_,7,ILE,sidechain,seg_,113,TRP,sidechain,-0.7713373381773099
seg_,37,MET,sidechain,seg_,113,TRP,sidechain,-0.005271457978657313
seg_,38,THR,sidechain,seg_,113,TRP,sidechain,-0.6374552808230122
seg_,40,THR,sidechain,seg_,113,TRP,sidechain,-0.06450449213536368
seg_,48,ASN,sidechain,seg_,113,TRP,sidechain,-0.7820108655630833
seg_,113,TRP,sidechain,seg_,50,VAL,sidechain,-0.00048258671164512636
seg_,111,MET,sidechain,seg_,113,TRP,sidechain,-0.17666129429407773
seg_,114,ILE,sidechain,seg_,4,LEU,sidechain,-1.1403355382968272
seg_,6,CYS,sidechain,seg_,114,ILE,sidechain,-0.4724595349180911
seg_,114,ILE,sidechain,seg_,51,ILE,sidechain,-0.4703786240320298
seg_,114,ILE,sidechain,seg_,75,LEU,sidechain,-0.0014345728357632954
seg_,114,ILE,sidechain,seg_,93,LEU,sidechain,-0.8202363293196208
seg_,114,ILE,sidechain,seg_,97,LEU,sidechain,-0.00042306043872875824
seg_,114,ILE,sidechain,seg_,112,VAL,sidechain,-0.6070071243851313
seg_,7,ILE,sidechain,seg_,115,VAL,sidechain,-0.6504097337590841
seg_,34,PHE,sidechain,seg_,115,VAL,sidechain,-1.0450097038632347
seg_,38,THR,sidechain,seg_,115,VAL,sidechain,-0.6363151671461583
seg_,115,VAL,sidechain,seg_,50,VAL,sidechain,-0.6617234593466634
seg_,52,MET,sidechain,seg_,115,VAL,sidechain,-0.24957977850925334
seg_,56,THR,sidechain,seg_,115,VAL,sidechain,-0.8466754939593375
seg_,60,ILE,sidechain,seg_,115,VAL,sidechain,-0.0003244524420726867
seg_,67,LEU,sidechain,seg_,115,VAL,sidechain,-0.039865489105738346
seg_,113,TRP,sidechain,seg_,115,VAL,sidechain,-0.014561188049969219
seg_,16,ILE,sidechain,seg_,118,SER,sidechain,-0.37171547279409356
seg_,19,ASN,sidechain,seg_,118,SER,sidechain,-0.003687486421671652
seg_,55,LYS,sidechain,seg_,118,SER,sidechain,0.0001609708039710919
seg_,54,LYS,sidechain,seg_,119,SER,sidechain,-4.053932712191627e-05
seg_,55,LYS,sidechain,seg_,119,SER,sidechain,0.0002798932733989897
seg_,119,SER,sidechain,seg_,56,THR,sidechain,-0.00013228389195033482
seg_,75,LEU,sidechain,seg_,119,SER,sidechain,0.002376744010263965
seg_,77,ARG,sidechain,seg_,119,SER,sidechain,-0.020809015113184053
seg_,78,GLU,sidechain,seg_,119,SER,sidechain,-0.00019049733025687082
seg_,119,SER,sidechain,seg_,118,SER,sidechain,0.0022767406084707805
seg_,51,ILE,sidechain,seg_,120,VAL,sidechain,-0.4679904524211639
seg_,56,THR,sidechain,seg_,120,VAL,sidechain,0.0003425058864411854
seg_,75,LEU,sidechain,seg_,120,VAL,sidechain,-1.1990752045670081
seg_,77,ARG,sidechain,seg_,120,VAL,sidechain,0.0014258369775045486
seg_,93,LEU,sidechain,seg_,120,VAL,sidechain,-0.4730939900058632
seg_,114,ILE,sidechain,seg_,120,VAL,sidechain,-0.7027684137796362
seg_,119,SER,sidechain,seg_,120,VAL,sidechain,0.06002427783572958
seg_,6,CYS,sidechain,seg_,121,TYR,sidechain,-0.7862374658543794
seg_,7,ILE,sidechain,seg_,121,TYR,sidechain,-3.252439413751875e-05
seg_,121,TYR,sidechain,seg_,8,VAL,sidechain,-0.614344154324316
seg_,16,ILE,sidechain,seg_,121,TYR,sidechain,0.03115517472178631
seg_,19,ASN,sidechain,seg_,121,TYR,sidechain,0.00011328631355648949
seg_,114,ILE,sidechain,seg_,121,TYR,sidechain,-0.9847675271091008
seg_,121,TYR,sidechain,seg_,115,VAL,sidechain,0.00021804413341340565
seg_,121,TYR,sidechain,seg_,120,VAL,sidechain,-0.002792347503626453
seg_,16,ILE,sidechain,seg_,122,LYS,sidechain,0.0002702955972580683
seg_,77,ARG,sidechain,seg_,122,LYS,sidechain,0.000241885849407741
seg_,122,LYS,sidechain,seg_,118,SER,sidechain,-0.25188393466077036
seg_,122,LYS,sidechain,seg_,119,SER,sidechain,-0.013778994663308064
seg_,123,GLU,sidechain,seg_,75,LEU,sidechain,-0.11145017816798229
seg_,77,ARG,sidechain,seg_,123,GLU,sidechain,-0.17270305348185466
seg_,123,GLU,sidechain,seg_,92,SER,sidechain,-0.3646717988782607
seg_,123,GLU,sidechain,seg_,93,LEU,sidechain,0.01326360889266999
seg_,94,ASP,sidechain,seg_,123,GLU,sidechain,-0.05617328115530489
seg_,123,GLU,sidechain,seg_,119,SER,sidechain,-0.02008849607674139
seg_,123,GLU,sidechain,seg_,120,VAL,sidechain,0.000982533478765704
seg_,123,GLU,sidechain,seg_,122,LYS,sidechain,-0.0640274595549951
seg_,124,ALA,sidechain,seg_,4,LEU,sidechain,-0.17777323457847038
seg_,124,ALA,sidechain,seg_,6,CYS,sidechain,-0.25337243616190697
seg_,124,ALA,sidechain,seg_,93,LEU,sidechain,-0.2624556334412302
seg_,124,ALA,sidechain,seg_,114,ILE,sidechain,-0.6473484697950604
seg_,124,ALA,sidechain,seg_,120,VAL,sidechain,-0.006651432693004608
seg_,124,ALA,sidechain,seg_,121,TYR,sidechain,-0.017869858501922516
seg_,124,ALA,sidechain,seg_,123,GLU,sidechain,-1.040107775495166
seg_,6,CYS,sidechain,seg_,125,MET,sidechain,-0.09862379517321963
seg_,125,MET,sidechain,seg_,121,TYR,sidechain,3.434113661448161e-05
seg_,122,LYS,sidechain,seg_,125,MET,sidechain,-0.0005598287809462774
seg_,124,ALA,sidechain,seg_,125,MET,sidechain,-0.19940269799175717
seg_,77,ARG,sidechain,seg_,126,ASN,sidechain,-5.9697764260428294e-05
seg_,126,ASN,sidechain,seg_,94,ASP,sidechain,-2.9562158243996756e-05
seg_,126,ASN,sidechain,seg_,122,LYS,sidechain,-0.16997317478171595
seg_,126,ASN,sidechain,seg_,123,GLU,sidechain,-0.01687817991489456
seg_,126,ASN,sidechain,seg_,125,MET,sidechain,1.341783432733445e-05
seg_,128,PRO,sidechain,seg_,1,VAL,sidechain,-0.0002514081003055686
seg_,94,ASP,sidechain,seg_,128,PRO,sidechain,0.032429832996401405
seg_,131,LEU,sidechain,seg_,4,LEU,sidechain,-0.8533087968223152
seg_,5,ASN,sidechain,seg_,131,LEU,sidechain,-0.00013192359606424968
seg_,6,CYS,sidechain,seg_,131,LEU,sidechain,-0.18033649526665077
seg_,114,ILE,sidechain,seg_,131,LEU,sidechain,-0.14359452942918455
seg_,124,ALA,sidechain,seg_,131,LEU,sidechain,-0.7122598616988176
seg_,131,LEU,sidechain,seg_,125,MET,sidechain,-0.5218321263620296
seg_,132,LYS,sidechain,seg_,3,SER,sidechain,-0.17132601215719478
seg_,5,ASN,sidechain,seg_,132,LYS,sidechain,-0.5762552389361496
seg_,132,LYS,sidechain,seg_,111,MET,sidechain,0.0025575458434011255
seg_,6,CYS,sidechain,seg_,133,LEU,sidechain,-1.1554097240368526
seg_,133,LEU,sidechain,seg_,8,VAL,sidechain,-0.9493115981962709
seg_,133,LEU,sidechain,seg_,14,MET,sidechain,-3.2828745387849356e-05
seg_,133,LEU,sidechain,seg_,125,MET,sidechain,-0.9908815023323897
seg_,133,LEU,sidechain,seg_,131,LEU,sidechain,-0.1713670658467426
seg_,5,ASN,sidechain,seg_,134,PHE,sidechain,-0.3567560473570456
seg_,7,ILE,sidechain,seg_,134,PHE,sidechain,-6.913168373562041e-05
seg_,134,PHE,sidechain,seg_,33,TYR,sidechain,-0.10207596355250903
seg_,37,MET,sidechain,seg_,134,PHE,sidechain,-0.8432408147088829
seg_,111,MET,sidechain,seg_,134,PHE,sidechain,-0.00011302332651047479
seg_,134,PHE,sidechain,seg_,113,TRP,sidechain,-0.3507881782565798
seg_,132,LYS,sidechain,seg_,134,PHE,sidechain,-0.13531370706332937
seg_,135,VAL,sidechain,seg_,8,VAL,sidechain,-0.787534407083832
seg_,9,ALA,sidechain,seg_,135,VAL,sidechain,0.0029094489113915536
seg_,135,VAL,sidechain,seg_,10,VAL,sidechain,-0.2992969348902504
seg_,14,MET,sidechain,seg_,135,VAL,sidechain,-0.008497643829101608
seg_,133,LEU,sidechain,seg_,135,VAL,sidechain,-1.0730323991644242
seg_,7,ILE,sidechain,seg_,136,THR,sidechain,0.0007389867646353586
seg_,9,ALA,sidechain,seg_,136,THR,sidechain,-0.2146448578592168
seg_,27,LEU,sidechain,seg_,136,THR,sidechain,-0.004276160538906143
seg_,30,GLU,sidechain,seg_,136,THR,sidechain,-0.5356678460328175
seg_,136,THR,sidechain,seg_,33,TYR,sidechain,0.21496693663010819
seg_,137,ARG,sidechain,seg_,10,VAL,sidechain,-0.2488326889445265
seg_,137,ARG,sidechain,seg_,12,GLN,sidechain,-0.028650406773512563
seg_,137,ARG,sidechain,seg_,14,MET,sidechain,-0.45762388064276005
seg_,137,ARG,sidechain,seg_,135,VAL,sidechain,-0.308602138551573
seg_,9,ALA,sidechain,seg_,138,ILE,sidechain,-0.7436679090121318
seg_,138,ILE,sidechain,seg_,11,SER,sidechain,0.00046421674439417465
seg_,12,GLN,sidechain,seg_,138,ILE,sidechain,5.658973895368122e-06
seg_,138,ILE,sidechain,seg_,22,LEU,sidechain,-0.0997857079809709
seg_,138,ILE,sidechain,seg_,24,TRP,sidechain,-0.009697201107229506
seg_,138,ILE,sidechain,seg_,27,LEU,sidechain,-0.2505103712695695
seg_,30,GLU,sidechain,seg_,138,ILE,sidechain,-0.06406323808154446
seg_,138,ILE,sidechain,seg_,136,THR,sidechain,-1.0373613145035647
seg_,12,GLN,sidechain,seg_,139,MET,sidechain,-0.34981854206452234
seg_,140,GLN,sidechain,seg_,12,GLN,sidechain,-4.217827036267235e-05
seg_,140,GLN,sidechain,seg_,23,PRO,sidechain,7.022033986591158e-05
seg_,140,GLN,sidechain,seg_,24,TRP,sidechain,-0.003792612435384875
seg_,140,GLN,sidechain,seg_,138,ILE,sidechain,-0.08323219617669071
seg_,140,GLN,sidechain,seg_,139,MET,sidechain,-6.326478861627124e-05
seg_,141,ASP,sidechain,seg_,11,SER,sidechain,-0.0023669571778515263
seg_,141,ASP,sidechain,seg_,12,GLN,sidechain,-0.0529665404762851
seg_,13,ASN,sidechain,seg_,141,ASP,sidechain,-0.13089243428041006
seg_,141,ASP,sidechain,seg_,140,GLN,sidechain,-0.0031383090781580123
seg_,9,ALA,sidechain,seg_,142,PHE,sidechain,-9.676391737801688e-05
seg_,142,PHE,sidechain,seg_,11,SER,sidechain,-0.8769583251264301
seg_,13,ASN,sidechain,seg_,142,PHE,sidechain,6.675704887935094e-05
seg_,18,LYS,sidechain,seg_,142,PHE,sidechain,-0.0030320466945746114
seg_,22,LEU,sidechain,seg_,142,PHE,sidechain,-0.5085311604290536
seg_,142,PHE,sidechain,seg_,23,PRO,sidechain,-0.01976083807895581
seg_,142,PHE,sidechain,seg_,24,TRP,sidechain,-0.04711846829737936
seg_,138,ILE,sidechain,seg_,142,PHE,sidechain,-0.7041974577154476
seg_,140,GLN,sidechain,seg_,142,PHE,sidechain,-0.001045035596094316
seg_,141,ASP,sidechain,seg_,142,PHE,sidechain,0.0017896462432330563
seg_,13,ASN,sidechain,seg_,143,GLU,sidechain,-0.00034984175190107806
seg_,143,GLU,sidechain,seg_,18,LYS,sidechain,-0.5340449221577672
seg_,19,ASN,sidechain,seg_,143,GLU,sidechain,-0.0004765733622369312
seg_,21,ASP,sidechain,seg_,143,GLU,sidechain,-0.00010478972253345307
seg_,143,GLU,sidechain,seg_,23,PRO,sidechain,-0.00010929723296846663
seg_,141,ASP,sidechain,seg_,143,GLU,sidechain,-0.0014135933057626798
seg_,144,SER,sidechain,seg_,11,SER,sidechain,-0.15893286594216313
seg_,13,ASN,sidechain,seg_,144,SER,sidechain,-0.007960531622171403
seg_,16,ILE,sidechain,seg_,144,SER,sidechain,0.0002216814100032761
seg_,18,LYS,sidechain,seg_,144,SER,sidechain,-0.00012831577161947886
seg_,19,ASN,sidechain,seg_,144,SER,sidechain,-0.000571795395974602
seg_,142,PHE,sidechain,seg_,144,SER,sidechain,-0.3112886605236147
seg_,143,GLU,sidechain,seg_,144,SER,sidechain,0.0001738142335698718
seg_,145,ASP,sidechain,seg_,16,ILE,sidechain,-0.0001722759065173921
seg_,145,ASP,sidechain,seg_,18,LYS,sidechain,-0.8837698621192859
seg_,19,ASN,sidechain,seg_,145,ASP,sidechain,-0.22807331313319237
seg_,145,ASP,sidechain,seg_,21,ASP,sidechain,-5.244749287764232e-06
seg_,145,ASP,sidechain,seg_,55,LYS,sidechain,-0.0007776015422173908
seg_,145,ASP,sidechain,seg_,118,SER,sidechain,-1.1078770671572004e-05
seg_,145,ASP,sidechain,seg_,143,GLU,sidechain,-0.02937229218294046
seg_,145,ASP,sidechain,seg_,144,SER,sidechain,-0.0018703200898709752
seg_,16,ILE,sidechain,seg_,146,THR,sidechain,-0.4456719971682774
seg_,19,ASN,sidechain,seg_,146,THR,sidechain,-0.07567842842611884
seg_,55,LYS,sidechain,seg_,146,THR,sidechain,0.00044972394879109096
seg_,118,SER,sidechain,seg_,146,THR,sidechain,-0.5669581146485344
seg_,122,LYS,sidechain,seg_,146,THR,sidechain,-0.0005200200784685356
seg_,144,SER,sidechain,seg_,146,THR,sidechain,0.00822405294124924
seg_,145,ASP,sidechain,seg_,146,THR,sidechain,-0.09858178839105226
seg_,147,PHE,sidechain,seg_,11,SER,sidechain,0.009626863268514474
seg_,13,ASN,sidechain,seg_,147,PHE,sidechain,-0.09060060208086812
seg_,122,LYS,sidechain,seg_,147,PHE,sidechain,0.0009325066066923596
seg_,143,GLU,sidechain,seg_,147,PHE,sidechain,-0.00011821691195170085
seg_,147,PHE,sidechain,seg_,144,SER,sidechain,-0.467012922665958
seg_,145,ASP,sidechain,seg_,147,PHE,sidechain,0.0005318720056897118
seg_,147,PHE,sidechain,seg_,146,THR,sidechain,0.0011553809160277956
seg_,6,CYS,sidechain,seg_,148,PHE,sidechain,-0.44858476537071346
seg_,148,PHE,sidechain,seg_,8,VAL,sidechain,-1.239650547116995
seg_,148,PHE,sidechain,seg_,10,VAL,sidechain,-0.04635496686217153
seg_,14,MET,sidechain,seg_,148,PHE,sidechain,-0.06508911773544691
seg_,16,ILE,sidechain,seg_,148,PHE,sidechain,-0.02789576482169685
seg_,148,PHE,sidechain,seg_,121,TYR,sidechain,-0.6558605719868625
seg_,122,LYS,sidechain,seg_,148,PHE,sidechain,-7.933156263260614e-05
seg_,125,MET,sidechain,seg_,148,PHE,sidechain,-0.7377262019739442
seg_,133,LEU,sidechain,seg_,148,PHE,sidechain,-0.7667940259256533
seg_,148,PHE,sidechain,seg_,135,VAL,sidechain,-0.03215836159126567
seg_,137,ARG,sidechain,seg_,148,PHE,sidechain,-0.00023724450809614999
seg_,16,ILE,sidechain,seg_,149,PRO,sidechain,0.00310341428459755
seg_,149,PRO,sidechain,seg_,118,SER,sidechain,-0.0011912265249661037
seg_,122,LYS,sidechain,seg_,149,PRO,sidechain,-0.11097227917678122
seg_,125,MET,sidechain,seg_,149,PRO,sidechain,-0.35363736625947056
seg_,126,ASN,sidechain,seg_,149,PRO,sidechain,0.0004625036326192674
seg_,147,PHE,sidechain,seg_,149,PRO,sidechain,1.989891841298058e-05
seg_,148,PHE,sidechain,seg_,149,PRO,sidechain,-0.3989539746425691
seg_,13,ASN,sidechain,seg_,150,GLU,sidechain,-0.000162123890150161
seg_,150,GLU,sidechain,seg_,14,MET,sidechain,-0.008029798950290396
seg_,150,GLU,sidechain,seg_,122,LYS,sidechain,-0.0003016890117100307
seg_,137,ARG,sidechain,seg_,150,GLU,sidechain,-0.00016065665653773717
seg_,150,GLU,sidechain,seg_,147,PHE,sidechain,-0.00019129319418044317
seg_,150,GLU,sidechain,seg_,149,PRO,sidechain,0.001662135378590652
seg_,151,ILE,sidechain,seg_,10,VAL,sidechain,0.0003491845036901179
seg_,151,ILE,sidechain,seg_,14,MET,sidechain,-0.39853040230577436
seg_,151,ILE,sidechain,seg_,125,MET,sidechain,-0.06847554483812392
seg_,151,ILE,sidechain,seg_,133,LEU,sidechain,-0.45173694740377723
seg_,151,ILE,sidechain,seg_,135,VAL,sidechain,-0.4175789070584412
seg_,137,ARG,sidechain,seg_,151,ILE,sidechain,-0.20427914231180747
seg_,151,ILE,sidechain,seg_,148,PHE,sidechain,-0.6966481948401779
seg_,151,ILE,sidechain,seg_,149,PRO,sidechain,0.0013807767750251862
seg_,150,GLU,sidechain,seg_,151,ILE,sidechain,-3.682642181714376e-05
seg_,152,ASP,sidechain,seg_,125,MET,sidechain,0.0007169110849499702
seg_,152,ASP,sidechain,seg_,150,GLU,sidechain,-0.015055065996457069
seg_,153,LEU,sidechain,seg_,14,MET,sidechain,6.244863214946928e-05
seg_,153,LEU,sidechain,seg_,133,LEU,sidechain,7.200357459840321e-05
seg_,137,ARG,sidechain,seg_,153,LEU,sidechain,0.0025452107162702653
seg_,151,ILE,sidechain,seg_,153,LEU,sidechain,-0.12120552374781775
seg_,152,ASP,sidechain,seg_,153,LEU,sidechain,-0.0035041416404502732
seg_,152,ASP,sidechain,seg_,154,GLU,sidechain,-0.09432403839046934
seg_,154,GLU,sidechain,seg_,153,LEU,sidechain,-0.0031401229733157726
seg_,126,ASN,sidechain,seg_,155,LYS,sidechain,-5.822236764998663e-05
seg_,150,GLU,sidechain,seg_,155,LYS,sidechain,-0.0003468901060876392
seg_,152,ASP,sidechain,seg_,155,LYS,sidechain,-0.6186570414377465
seg_,154,GLU,sidechain,seg_,155,LYS,sidechain,-0.2764709144383669
seg_,125,MET,sidechain,seg_,156,TYR,sidechain,-0.2849610513054899
seg_,131,LEU,sidechain,seg_,156,TYR,sidechain,-0.3754299406570693
seg_,133,LEU,sidechain,seg_,156,TYR,sidechain,-0.31428904573774585
seg_,148,PHE,sidechain,seg_,156,TYR,sidechain,-0.0002099882023675101
seg_,149,PRO,sidechain,seg_,156,TYR,sidechain,0.00016975025335947672
seg_,151,ILE,sidechain,seg_,156,TYR,sidechain,-0.04501366939160618
seg_,152,ASP,sidechain,seg_,156,TYR,sidechain,-0.0020215032982329527
seg_,155,LYS,sidechain,seg_,156,TYR,sidechain,-0.03134945534524464
seg_,153,LEU,sidechain,seg_,157,LYS,sidechain,0.004194682753866627
seg_,154,GLU,sidechain,seg_,157,LYS,sidechain,-0.01641676003663313
seg_,137,ARG,sidechain,seg_,158,LEU,sidechain,0.007236245098568145
seg_,158,LEU,sidechain,seg_,153,LEU,sidechain,-0.0017525974927203997
seg_,158,LEU,sidechain,seg_,157,LYS,sidechain,-0.0002618460087549119
seg_,159,LEU,sidechain,seg_,132,LYS,sidechain,-0.19109203334294614
seg_,159,LEU,sidechain,seg_,134,PHE,sidechain,5.149795895531064e-05
seg_,159,LEU,sidechain,seg_,157,LYS,sidechain,-0.638319311202027
seg_,157,LYS,sidechain,seg_,160,PRO,sidechain,0.004995173967310361
seg_,158,LEU,sidechain,seg_,160,PRO,sidechain,-0.12015345906031628
seg_,159,LEU,sidechain,seg_,160,PRO,sidechain,0.01569153076800562
seg_,161,GLU,sidechain,seg_,158,LEU,sidechain,0.00039927478489421665
seg_,161,GLU,sidechain,seg_,159,LEU,sidechain,3.3574696807634263e-06
seg_,161,GLU,sidechain,seg_,160,PRO,sidechain,0.0018861310490894884
seg_,3,SER,sidechain,seg_,162,TYR,sidechain,0.0007816634025602113
seg_,5,ASN,sidechain,seg_,162,TYR,sidechain,0.031970520891166025
seg_,36,ARG,sidechain,seg_,162,TYR,sidechain,-0.003315878608840562
seg_,37,MET,sidechain,seg_,162,TYR,sidechain,-0.3383798029256009
seg_,40,THR,sidechain,seg_,162,TYR,sidechain,-0.0013750598116170122
seg_,41,SER,sidechain,seg_,162,TYR,sidechain,-1.4293951647622245e-05
seg_,42,SER,sidechain,seg_,162,TYR,sidechain,6.771509420304071e-05
seg_,111,MET,sidechain,seg_,162,TYR,sidechain,-0.025166996115175564
seg_,113,TRP,sidechain,seg_,162,TYR,sidechain,-0.00040034374736604237
seg_,132,LYS,sidechain,seg_,162,TYR,sidechain,-0.5999089824915642
seg_,134,PHE,sidechain,seg_,162,TYR,sidechain,-0.6232728791403629
seg_,159,LEU,sidechain,seg_,162,TYR,sidechain,-0.33099480603032166
seg_,36,ARG,sidechain,seg_,163,PRO,sidechain,-0.07684805754102057
seg_,37,MET,sidechain,seg_,163,PRO,sidechain,-1.7378348679769606e-05
seg_,163,PRO,sidechain,seg_,40,THR,sidechain,0.000558803471160077
seg_,159,LEU,sidechain,seg_,163,PRO,sidechain,5.6429136367071245e-05
seg_,161,GLU,sidechain,seg_,163,PRO,sidechain,0.0007724332459980533
seg_,163,PRO,sidechain,seg_,162,TYR,sidechain,-0.5212476176771313
seg_,33,TYR,sidechain,seg_,165,VAL,sidechain,-0.7667876001223922
seg_,36,ARG,sidechain,seg_,165,VAL,sidechain,0.0005899699876705805
seg_,37,MET,sidechain,seg_,165,VAL,sidechain,-0.7281636066691496
seg_,134,PHE,sidechain,seg_,165,VAL,sidechain,-0.16900518959411975
seg_,161,GLU,sidechain,seg_,165,VAL,sidechain,-0.0008440331444144249
seg_,162,TYR,sidechain,seg_,165,VAL,sidechain,-0.18799806505157834
seg_,29,ASN,sidechain,seg_,166,LEU,sidechain,-0.20039573023583562
seg_,32,ARG,sidechain,seg_,166,LEU,sidechain,-0.0017600087516364596
seg_,166,LEU,sidechain,seg_,33,TYR,sidechain,-0.04784433596865052
seg_,36,ARG,sidechain,seg_,166,LEU,sidechain,0.07793823744028452
seg_,161,GLU,sidechain,seg_,166,LEU,sidechain,-0.0006509679648138228
seg_,166,LEU,sidechain,seg_,165,VAL,sidechain,0.00015660730004310607
seg_,160,PRO,sidechain,seg_,167,SER,sidechain,-0.0005910798505009596
seg_,161,GLU,sidechain,seg_,167,SER,sidechain,-0.08459424285014115
seg_,167,SER,sidechain,seg_,165,VAL,sidechain,-0.0008735609813815071
seg_,166,LEU,sidechain,seg_,167,SER,sidechain,-0.004533596972269671
seg_,168,ASP,sidechain,seg_,160,PRO,sidechain,7.130676224118187e-05
seg_,168,ASP,sidechain,seg_,161,GLU,sidechain,-0.0013192041690150897
seg_,168,ASP,sidechain,seg_,166,LEU,sidechain,-0.0018370521175009864
seg_,168,ASP,sidechain,seg_,167,SER,sidechain,-0.0033226183879721378
seg_,139,MET,sidechain,seg_,169,VAL,sidechain,-0.43359216044280524
seg_,168,ASP,sidechain,seg_,169,VAL,sidechain,-0.12200288668886614
seg_,29,ASN,sidechain,seg_,170,GLN,sidechain,-0.26245986201466126
seg_,170,GLN,sidechain,seg_,165,VAL,sidechain,-7.35510303860619e-05
seg_,170,GLN,sidechain,seg_,166,LEU,sidechain,-0.9443619497609769
seg_,170,GLN,sidechain,seg_,167,SER,sidechain,-0.00048684031871103103
seg_,168,ASP,sidechain,seg_,170,GLN,sidechain,0.0016258927355963914
seg_,140,GLN,sidechain,seg_,171,GLU,sidechain,0.002171881188948949
seg_,171,GLU,sidechain,seg_,169,VAL,sidechain,-0.032586523745391914
seg_,172,GLU,sidechain,seg_,25,PRO,sidechain,0.0005276986012856165
seg_,172,GLU,sidechain,seg_,27,LEU,sidechain,-0.24095939000263544
seg_,28,ARG,sidechain,seg_,172,GLU,sidechain,-0.07766955398732707
seg_,29,ASN,sidechain,seg_,172,GLU,sidechain,-0.5054338302354195
seg_,172,GLU,sidechain,seg_,30,GLU,sidechain,-0.00013816624596005395
seg_,32,ARG,sidechain,seg_,172,GLU,sidechain,-0.00042523952691061865
seg_,172,GLU,sidechain,seg_,166,LEU,sidechain,-0.00018508983793712799
seg_,170,GLN,sidechain,seg_,172,GLU,sidechain,0.003125884202264604
seg_,173,LYS,sidechain,seg_,24,TRP,sidechain,0.00011155802862984794
seg_,173,LYS,sidechain,seg_,25,PRO,sidechain,-0.02849114098280136
seg_,173,LYS,sidechain,seg_,26,PRO,sidechain,-0.00014537698598135086
seg_,27,LEU,sidechain,seg_,173,LYS,sidechain,-0.1381559429512847
seg_,28,ARG,sidechain,seg_,173,LYS,sidechain,-0.0069568376940275945
seg_,29,ASN,sidechain,seg_,173,LYS,sidechain,-0.0005921553075313569
seg_,171,GLU,sidechain,seg_,173,LYS,sidechain,1.1090044464383807e-05
seg_,172,GLU,sidechain,seg_,173,LYS,sidechain,-0.4935466868778735
seg_,175,ILE,sidechain,seg_,24,TRP,sidechain,-1.0100627470106063
seg_,175,ILE,sidechain,seg_,25,PRO,sidechain,-0.0003472108088788532
seg_,175,ILE,sidechain,seg_,27,LEU,sidechain,-0.7120752779502599
seg_,30,GLU,sidechain,seg_,175,ILE,sidechain,-3.2580430308977764e-05
seg_,175,ILE,sidechain,seg_,138,ILE,sidechain,-0.9484818760777514
seg_,140,GLN,sidechain,seg_,175,ILE,sidechain,-0.5403457282006829
seg_,175,ILE,sidechain,seg_,142,PHE,sidechain,-0.03412427378055595
seg_,175,ILE,sidechain,seg_,173,LYS,sidechain,-0.0008346935434355622
seg_,176,LYS,sidechain,seg_,139,MET,sidechain,-0.12468047726118849
seg_,140,GLN,sidechain,seg_,176,LYS,sidechain,-0.2931937866979722
seg_,176,LYS,sidechain,seg_,169,VAL,sidechain,-0.5630052890192628
seg_,171,GLU,sidechain,seg_,176,LYS,sidechain,-1.440114656847325
seg_,27,LEU,sidechain,seg_,177,TYR,sidechain,-0.8123212019628845
seg_,29,ASN,sidechain,seg_,177,TYR,sidechain,-0.6178789232318578
seg_,30,GLU,sidechain,seg_,177,TYR,sidechain,-0.007448735680785917
seg_,136,THR,sidechain,seg_,177,TYR,sidechain,-0.019979594998859932
seg_,138,ILE,sidechain,seg_,177,TYR,sidechain,-0.0008800816876547678
seg_,166,LEU,sidechain,seg_,177,TYR,sidechain,0.010705717880811011
seg_,170,GLN,sidechain,seg_,177,TYR,sidechain,-0.062041997506504964
seg_,172,GLU,sidechain,seg_,177,TYR,sidechain,-0.6701261424524266
seg_,175,ILE,sidechain,seg_,177,TYR,sidechain,-0.1311705223006152
seg_,12,GLN,sidechain,seg_,178,LYS,sidechain,0.0002714399546384811
seg_,178,LYS,sidechain,seg_,139,MET,sidechain,-0.520230220177998
seg_,158,LEU,sidechain,seg_,178,LYS,sidechain,0.01967785508292062
seg_,178,LYS,sidechain,seg_,160,PRO,sidechain,-2.3413284903480894e-05
seg_,161,GLU,sidechain,seg_,178,LYS,sidechain,-0.00011843844041937873
seg_,178,LYS,sidechain,seg_,165,VAL,sidechain,0.00017900089990525019
seg_,178,LYS,sidechain,seg_,167,SER,sidechain,-0.0005649577705633072
seg_,168,ASP,sidechain,seg_,178,LYS,sidechain,-0.09255456133639174
seg_,178,LYS,sidechain,seg_,169,VAL,sidechain,-0.7581961297172876
seg_,7,ILE,sidechain,seg_,179,PHE,sidechain,-0.00030395954847335817
seg_,27,LEU,sidechain,seg_,179,PHE,sidechain,-0.00011198450270153227
seg_,29,ASN,sidechain,seg_,179,PHE,sidechain,-0.05378475078339467
seg_,30,GLU,sidechain,seg_,179,PHE,sidechain,-0.06826836235289063
seg_,179,PHE,sidechain,seg_,33,TYR,sidechain,-0.6621503926772359
seg_,36,ARG,sidechain,seg_,179,PHE,sidechain,0.00023778286434355237
seg_,37,MET,sidechain,seg_,179,PHE,sidechain,-0.00017679351852053688
seg_,179,PHE,sidechain,seg_,136,THR,sidechain,-0.42741079819708
seg_,179,PHE,sidechain,seg_,165,VAL,sidechain,-0.032985320951124386
seg_,166,LEU,sidechain,seg_,179,PHE,sidechain,-0.5839066157341003
seg_,170,GLN,sidechain,seg_,179,PHE,sidechain,-0.10905476873487767
seg_,172,GLU,sidechain,seg_,179,PHE,sidechain,-5.174176465897333e-05
seg_,179,PHE,sidechain,seg_,177,TYR,sidechain,-0.19230004920029925
seg_,12,GLN,sidechain,seg_,180,GLU,sidechain,-0.00013820244868596396
seg_,180,GLU,sidechain,seg_,14,MET,sidechain,6.68168862660726e-05
seg_,180,GLU,sidechain,seg_,135,VAL,sidechain,0.021930225572540492
seg_,137,ARG,sidechain,seg_,180,GLU,sidechain,-1.4520467243506794
seg_,180,GLU,sidechain,seg_,139,MET,sidechain,4.79837315423148e-05
seg_,180,GLU,sidechain,seg_,151,ILE,sidechain,0.001695513454931123
seg_,180,GLU,sidechain,seg_,158,LEU,sidechain,-0.30242128198566137
seg_,180,GLU,sidechain,seg_,160,PRO,sidechain,-0.0006367955541326886
seg_,180,GLU,sidechain,seg_,178,LYS,sidechain,-0.7806329259273729
seg_,33,TYR,sidechain,seg_,181,VAL,sidechain,0.14555666358822159
seg_,37,MET,sidechain,seg_,181,VAL,sidechain,0.009296844613694009
seg_,132,LYS,sidechain,seg_,181,VAL,sidechain,-0.0860606317917506
seg_,134,PHE,sidechain,seg_,181,VAL,sidechain,-0.7798570322309222
seg_,158,LEU,sidechain,seg_,181,VAL,sidechain,-0.0002859029542832148
seg_,159,LEU,sidechain,seg_,181,VAL,sidechain,-0.8566040508100496
seg_,161,GLU,sidechain,seg_,181,VAL,sidechain,7.048913978395008e-05
seg_,162,TYR,sidechain,seg_,181,VAL,sidechain,-0.15430907824653245
seg_,181,VAL,sidechain,seg_,165,VAL,sidechain,-0.7832471814518351
seg_,14,MET,sidechain,seg_,182,TYR,sidechain,-0.000336736356928235
seg_,133,LEU,sidechain,seg_,182,TYR,sidechain,-0.0010173511813793864
seg_,182,TYR,sidechain,seg_,135,VAL,sidechain,-0.38686879835313276
seg_,137,ARG,sidechain,seg_,182,TYR,sidechain,-1.014095570265892
seg_,151,ILE,sidechain,seg_,182,TYR,sidechain,-0.35872946600145883
seg_,153,LEU,sidechain,seg_,182,TYR,sidechain,-0.04851865360779422
seg_,158,LEU,sidechain,seg_,182,TYR,sidechain,-1.1524057638595502
seg_,180,GLU,sidechain,seg_,182,TYR,sidechain,-1.390992395683236
seg_,183,GLU,sidechain,seg_,3,SER,sidechain,-0.0003281599488996324
seg_,183,GLU,sidechain,seg_,132,LYS,sidechain,-1.3050331363356893
seg_,183,GLU,sidechain,seg_,157,LYS,sidechain,-0.7689459490821298
seg_,183,GLU,sidechain,seg_,159,LEU,sidechain,-0.5011167392472049
seg_,183,GLU,sidechain,seg_,160,PRO,sidechain,6.17021918296814e-05
seg_,183,GLU,sidechain,seg_,162,TYR,sidechain,-0.03126676253885741
seg_,183,GLU,sidechain,seg_,181,VAL,sidechain,-0.00010483321831339882
seg_,184,LYS,sidechain,seg_,125,MET,sidechain,-6.003722690400623e-05
seg_,184,LYS,sidechain,seg_,128,PRO,sidechain,3.1372214002268655e-05
seg_,131,LEU,sidechain,seg_,184,LYS,sidechain,-0.12108431456805695
seg_,152,ASP,sidechain,seg_,184,LYS,sidechain,-8.518524964650471e-05
seg_,184,LYS,sidechain,seg_,155,LYS,sidechain,-0.09510716995126789
seg_,184,LYS,sidechain,seg_,156,TYR,sidechain,-1.6997555002797218
seg_,185,ASN,sidechain,seg_,153,LEU,sidechain,7.81682843253726e-05
seg_,185,ASN,sidechain,seg_,154,GLU,sidechain,-0.0005630563878942104
seg_,185,ASN,sidechain,seg_,155,LYS,sidechain,-0.009958487599023751
seg_,185,ASN,sidechain,seg_,157,LYS,sidechain,-1.2092419107069394
seg_,185,ASN,sidechain,seg_,183,GLU,sidechain,-0.010560282065133963
seg_,185,ASN,sidechain,seg_,184,LYS,sidechain,-0.0019944849191677
seg_,186,ASP,sidechain,seg_,1,VAL,sidechain,2.61295409429641e-05
seg_,186,ASP,sidechain,seg_,132,LYS,sidechain,2.3726817397844224e-05
seg_,186,ASP,sidechain,seg_,154,GLU,sidechain,-6.930504526410784e-06
seg_,186,ASP,sidechain,seg_,155,LYS,sidechain,-0.03556247000994959
seg_,186,ASP,sidechain,seg_,156,TYR,sidechain,-0.00014574532281784783
seg_,186,ASP,sidechain,seg_,157,LYS,sidechain,-0.02446407894626914
seg_,186,ASP,sidechain,seg_,183,GLU,sidechain,-0.001467374196808253
seg_,186,ASP,sidechain,seg_,184,LYS,sidechain,-0.059152246321861945
seg_,185,ASN,sidechain,seg_,186,ASP,sidechain,-0.008107358195597218
