seg_,21,ASP,sc.asp.COOn,seg_,18,LYS,sc.lys.NZp,2.361904761904762
seg_,31,ARG,sc.arg.NCNNp,seg_,21,ASP,sc.asp.COOn,2.5904761904761906
seg_,31,ARG,sc.arg.NCNNp,seg_,30,GLU,sc.glu.COOn,73.7904761904762
seg_,35,GLU,sc.glu.COOn,seg_,28,ARG,sc.arg.NCNNp,1.6952380952380952
seg_,35,GLU,sc.glu.COOn,seg_,31,ARG,sc.arg.NCNNp,0.0380952380952381
seg_,35,GLU,sc.glu.COOn,seg_,32,ARG,sc.arg.NCNNp,70.87619047619049
seg_,36,ARG,sc.arg.NCNNp,seg_,35,GLU,sc.glu.COOn,14.723809523809525
seg_,46,LYS,sc.lys.NZp,seg_,44,GLU,sc.glu.COOn,28.990476190476187
seg_,55,LYS,sc.lys.NZp,seg_,21,ASP,sc.asp.COOn,12.209523809523809
seg_,63,LYS,sc.lys.NZp,seg_,62,GLU,sc.glu.COOn,27.695238095238096
seg_,65,ARG,sc.arg.NCNNp,seg_,62,GLU,sc.glu.COOn,89.63809523809523
seg_,68,LYS,sc.lys.NZp,seg_,35,GLU,sc.glu.COOn,58.87619047619047
seg_,70,ARG,sc.arg.NCNNp,seg_,35,GLU,sc.glu.COOn,88.03809523809524
seg_,78,GLU,sc.glu.COOn,seg_,54,LYS,sc.lys.NZp,96.99047619047619
seg_,78,GLU,sc.glu.COOn,seg_,55,LYS,sc.lys.NZp,3.4095238095238094
seg_,78,GLU,sc.glu.COOn,seg_,77,ARG,sc.arg.NCNNp,7.980952380952382
seg_,80,LYS,sc.lys.NZp,seg_,78,GLU,sc.glu.COOn,0.2476190476190476
seg_,81,GLU,sc.glu.COOn,seg_,80,LYS,sc.lys.NZp,15.028571428571427
seg_,94,ASP,sc.asp.COOn,seg_,77,ARG,sc.arg.NCNNp,1.2
seg_,94,ASP,sc.asp.COOn,seg_,91,ARG,sc.arg.NCNNp,1.866666666666667
seg_,95,ASP,sc.asp.COOn,seg_,77,ARG,sc.arg.NCNNp,14.704761904761904
seg_,95,ASP,sc.asp.COOn,seg_,91,ARG,sc.arg.NCNNp,67.96190476190476
seg_,98,LYS,sc.lys.NZp,seg_,94,ASP,sc.asp.COOn,20.247619047619047
seg_,98,LYS,sc.lys.NZp,seg_,95,ASP,sc.asp.COOn,23.066666666666666
seg_,101,GLU,sc.glu.COOn,seg_,98,LYS,sc.lys.NZp,56.438095238095244
seg_,108,LYS,sc.lys.NZp,seg_,44,GLU,sc.glu.COOn,0.9714285714285713
seg_,108,LYS,sc.lys.NZp,seg_,104,GLU,sc.glu.COOn,19.98095238095238
seg_,110,ASP,sc.asp.COOn,seg_,46,LYS,sc.lys.NZp,75.23809523809524
seg_,123,GLU,sc.glu.COOn,seg_,77,ARG,sc.arg.NCNNp,54.72380952380952
seg_,123,GLU,sc.glu.COOn,seg_,91,ARG,sc.arg.NCNNp,0.0380952380952381
seg_,123,GLU,sc.glu.COOn,seg_,122,LYS,sc.lys.NZp,6.247619047619048
seg_,143,GLU,sc.glu.COOn,seg_,18,LYS,sc.lys.NZp,63.542857142857144
seg_,145,ASP,sc.asp.COOn,seg_,18,LYS,sc.lys.NZp,61.42857142857143
seg_,145,ASP,sc.asp.COOn,seg_,55,LYS,sc.lys.NZp,0.8380952380952381
seg_,150,GLU,sc.glu.COOn,seg_,122,LYS,sc.lys.NZp,0.5142857142857142
seg_,150,GLU,sc.glu.COOn,seg_,137,ARG,sc.arg.NCNNp,0.4761904761904762
seg_,155,LYS,sc.lys.NZp,seg_,150,GLU,sc.glu.COOn,0.17142857142857143
seg_,155,LYS,sc.lys.NZp,seg_,152,ASP,sc.asp.COOn,60.285714285714285
seg_,155,LYS,sc.lys.NZp,seg_,154,GLU,sc.glu.COOn,33.6
seg_,157,LYS,sc.lys.NZp,seg_,154,GLU,sc.glu.COOn,2.1904761904761907
seg_,172,GLU,sc.glu.COOn,seg_,28,ARG,sc.arg.NCNNp,27.180952380952384
seg_,172,GLU,sc.glu.COOn,seg_,32,ARG,sc.arg.NCNNp,1.4476190476190476
seg_,173,LYS,sc.lys.NZp,seg_,171,GLU,sc.glu.COOn,0.0380952380952381
seg_,173,LYS,sc.lys.NZp,seg_,172,GLU,sc.glu.COOn,53.08571428571428
seg_,176,LYS,sc.lys.NZp,seg_,171,GLU,sc.glu.COOn,95.23809523809523
seg_,178,LYS,sc.lys.NZp,seg_,161,GLU,sc.glu.COOn,0.2857142857142857
seg_,178,LYS,sc.lys.NZp,seg_,168,ASP,sc.asp.COOn,29.638095238095236
seg_,180,GLU,sc.glu.COOn,seg_,137,ARG,sc.arg.NCNNp,100.0
seg_,180,GLU,sc.glu.COOn,seg_,178,LYS,sc.lys.NZp,89.84761904761905
seg_,183,GLU,sc.glu.COOn,seg_,132,LYS,sc.lys.NZp,96.20952380952382
seg_,183,GLU,sc.glu.COOn,seg_,157,LYS,sc.lys.NZp,77.2
seg_,184,LYS,sc.lys.NZp,seg_,152,ASP,sc.asp.COOn,0.01904761904761905
seg_,186,ASP,ctertn,seg_,155,LYS,sc.lys.NZp,29.961904761904762
seg_,186,ASP,ctertn,seg_,157,LYS,sc.lys.NZp,0.9142857142857144
seg_,186,ASP,ctertn,seg_,184,LYS,sc.lys.NZp,3.580952380952381
seg_,186,ASP,sc.asp.COOn,seg_,132,LYS,sc.lys.NZp,0.19047619047619047
seg_,186,ASP,sc.asp.COOn,seg_,155,LYS,sc.lys.NZp,4.895238095238096
seg_,186,ASP,sc.asp.COOn,seg_,157,LYS,sc.lys.NZp,14.076190476190476
seg_,186,ASP,sc.asp.COOn,seg_,184,LYS,sc.lys.NZp,9.77142857142857
